id,名称,地址,电话,经度,纬度,类型代码,类型名称,省份,城市,区域,营业时间,评分
B00178TWN0,广厦城巢上二期,广厦城6号,[],106.530344,29.490540,120302,商务住宅;住宅区;住宅小区,重庆市,重庆市,九龙坡区,,[]
B0017875C0,广厦城巢上,广厦城6号巢上,[],106.530604,29.490837,120302,商务住宅;住宅区;住宅小区,重庆市,重庆市,九龙坡区,,[]
B0MG1AS04O,重庆电力高等专科学校电力四村,复线隧道东北侧,[],106.534075,29.486025,120302|120303,商务住宅;住宅区;住宅小区|商务住宅;住宅区;宿舍,重庆市,重庆市,九龙坡区,,[]
B0KR7XJHPY,电校住宅,龙广路重庆电力高等专科学校,[],106.534951,29.486325,120302,商务住宅;住宅区;住宅小区,重庆市,重庆市,九龙坡区,,[]
B0IAZST6DB,广厦城一期6号院,龙广路与邮电路交叉口北100米,[],106.531449,29.491794,120302,商务住宅;住宅区;住宅小区,重庆市,重庆市,九龙坡区,,[]
B0I3XS6XOE,广厦城一期6号院西区,龙广路与邮电路交叉口西北100米,[],106.530991,29.491600,120302,商务住宅;住宅区;住宅小区,重庆市,重庆市,九龙坡区,,[]
B0I3XS90P0,广厦城一期6号院东区,邮电路与龙广路交叉口东北120米,[],106.532511,29.491725,120302,商务住宅;住宅区;住宅小区,重庆市,重庆市,九龙坡区,,[]
B00178VNDN,金源利·青国青城,锦龙路289号,[],106.526077,29.489929,120302,商务住宅;住宅区;住宅小区,重庆市,重庆市,九龙坡区,,[]
B001793275,如意物业B区,北桥头立交与红光大道交叉口东北420米,[],106.536132,29.485956,120302,商务住宅;住宅区;住宅小区,重庆市,重庆市,九龙坡区,,[]
B00178TWN1,广厦城一期,黄桷坪街道广厦城4号,[],106.532239,29.492957,120302,商务住宅;住宅区;住宅小区,重庆市,重庆市,九龙坡区,,[]
B0IAZSSL5B,广厦城一期2号院,龙江路与余堡路交叉口东北240米,[],106.531484,29.493135,120302,商务住宅;住宅区;住宅小区,重庆市,重庆市,九龙坡区,,[]
B00178TXYG,九龙花园,九龙村26号,[],106.526522,29.491612,120302,商务住宅;住宅区;住宅小区,重庆市,重庆市,九龙坡区,,[]
B0IAZSRD6S,广厦城一期3号院,邮电路与龙广路交叉口东北280米,[],106.533603,29.492869,120302,商务住宅;住宅区;住宅小区,重庆市,重庆市,九龙坡区,,[]
B0FFHD3DZC,观江美郡,高进路与余堡路交叉口东北80米,[],106.528443,29.492722,120302,商务住宅;住宅区;住宅小区,重庆市,重庆市,九龙坡区,,[]
B0FFGNPFY7,九龙花园二小区,九龙村26号,[],106.526450,29.491544,120302,商务住宅;住宅区;住宅小区,重庆市,重庆市,九龙坡区,,[]
B0FFH2A1UP,九龙坡区黄桷坪街道唐家湾社区,惠广路与新建路交叉口西340米,[],106.535993,29.491869,120302,商务住宅;住宅区;住宅小区,重庆市,重庆市,九龙坡区,,4.4
B00178TWN2,如意物业A区,龙广路与黄桷坪正街交叉口西北340米,[],106.537501,29.485384,120302,商务住宅;住宅区;住宅小区,重庆市,重庆市,九龙坡区,,[]
B001786TIS,曦圆·云岭,铁路新村50号(铁路医院对面前行300米),[],106.536384,29.492479,120302,商务住宅;住宅区;住宅小区,重庆市,重庆市,九龙坡区,,[]
B0FFHCA298,广厦城,龙江路九龙小学东,[],106.532263,29.494423,120302,商务住宅;住宅区;住宅小区,重庆市,重庆市,九龙坡区,,[]
B00178TWN4,九龙花园一小区,九龙花园,[],106.526735,29.492913,120302,商务住宅;住宅区;住宅小区,重庆市,重庆市,九龙坡区,,[]
B0JAGUGR8A,广厦城一期4号院,邮电路与龙广路交叉口北380米,[],106.532790,29.494178,120302,商务住宅;住宅区;住宅小区,重庆市,重庆市,九龙坡区,,[]
B001786L50,保利心语花园,龙江路8号,[],106.528168,29.494487,120302,商务住宅;住宅区;住宅小区,重庆市,重庆市,九龙坡区,,[]
B0FFF7XSXZ,电力三村,黄桷坪电力家属区,[],106.538260,29.484484,120302,商务住宅;住宅区;住宅小区,重庆市,重庆市,九龙坡区,,[]
B0017875LU,广厦城洛卡庄园,广厦城7号,[],106.532445,29.495316,120302,商务住宅;住宅区;住宅小区,重庆市,重庆市,九龙坡区,,[]
B0FFHRCZZI,蟠龙·龙蟠凤逸,九龙镇龙江支路66号,[],106.525285,29.493315,120302,商务住宅;住宅区;住宅小区,重庆市,重庆市,九龙坡区,,[]
B0FFG15M6R,广厦城蜜宫,杨家坪滩子口广厦城8号,[],106.535763,29.494515,120302,商务住宅;住宅区;住宅小区,重庆市,重庆市,九龙坡区,,[]
B0H0VC3GN4,龙湖美林美院,黄桷坪街道黄桷坪正街重庆铁路小学斜对面,15730789107,106.539470,29.491322,120302,商务住宅;住宅区;住宅小区,重庆市,重庆市,九龙坡区,,[]
B0H6PSOP1L,玖悦兰庭,杨九路(黄桷坪地铁站4号口步行310米),[],106.537758,29.493328,120302,商务住宅;住宅区;住宅小区,重庆市,重庆市,九龙坡区,,[]
B0KU4UTCMJ,铁路新村,惠广路与新建路交叉口西100米,[],106.538471,29.492446,120302,商务住宅;住宅区;住宅小区,重庆市,重庆市,九龙坡区,,[]
B0G26ZLNOZ,俊东花园,惠广路与新建路交叉口西60米,[],106.538813,29.492234,120302,商务住宅;住宅区;住宅小区,重庆市,重庆市,九龙坡区,,[]
B0HDT7KKG3,华润·半山悦景,龙江路与龙江支路交叉路口东南侧,[],106.525857,29.495568,120302,商务住宅;住宅区;住宅小区,重庆市,重庆市,九龙坡区,,[]
B0JKGZ2NFM,华润·半山悦景(南区),九凤支路与龙江支路交叉口南200米,[],106.525251,29.495093,120302,商务住宅;住宅区;住宅小区,重庆市,重庆市,九龙坡区,,[]
B001786TIP,禾风雅筑,新市场官家林199号,[],106.538298,29.494204,120302,商务住宅;住宅区;住宅小区,重庆市,重庆市,九龙坡区,,[]
B0LD1K8WM0,保利韬园,龙江路与龙江支路交叉口东南380米,[],106.528869,29.495886,120302,商务住宅;住宅区;住宅小区,重庆市,重庆市,九龙坡区,,[]
B0017822ZY,黄桷花园,黄桷坪街道黄桷坪正街搬运西村3号,[],106.541217,29.491009,120302,商务住宅;住宅区;住宅小区,重庆市,重庆市,九龙坡区,,[]
B0JKGZ318H,华润·半山悦景(北区),龙江支路与九凤支路交叉口东180米,[],106.526697,29.496363,120302,商务住宅;住宅区;住宅小区,重庆市,重庆市,九龙坡区,,[]
B0FFFWC97R,官家林,杨九路与新建路交叉口西北380米,[],106.536369,29.496208,120302,商务住宅;住宅区;住宅小区,重庆市,重庆市,九龙坡区,,[]
B001786WAZ,广厦城江畔语林,广厦城5号,[],106.529953,29.497276,120302,商务住宅;住宅区;住宅小区,重庆市,重庆市,九龙坡区,,[]
B0FFGG6I14,铁路二村,龙吟支路与新建路交叉口东100米,[],106.539950,29.493640,120302,商务住宅;住宅区;住宅小区,重庆市,重庆市,九龙坡区,,[]
B001786TZM,港韵新苑,滩子口77-78号,[],106.524584,29.495772,120302,商务住宅;住宅区;住宅小区,重庆市,重庆市,九龙坡区,,[]
B001702900,星河名居,滩子口97号(滩子口地铁站2A口步行420米),[],106.527736,29.497189,120302,商务住宅;住宅区;住宅小区,重庆市,重庆市,九龙坡区,,[]
B001786U8F,渝铁·九龙苑,铁路二村,[],106.540222,29.494020,120302,商务住宅;住宅区;住宅小区,重庆市,重庆市,九龙坡区,,[]
B0FFG7OVMP,广厦城森林峰,九龙镇滩子口,[],106.532154,29.497682,120302,商务住宅;住宅区;住宅小区,重庆市,重庆市,九龙坡区,,[]
B0FFG6SWH5,志龙·观江岭,官家林11号,[],106.534871,29.497505,120302,商务住宅;住宅区;住宅小区,重庆市,重庆市,九龙坡区,,[]
B0HDUHJJ18,海纳九龙,龙江支路51号,[],106.523511,29.495396,120302,商务住宅;住宅区;住宅小区,重庆市,重庆市,九龙坡区,,[]
B001786U8A,茗都华苑,滩子口55号,[],106.528240,29.497372,120302,商务住宅;住宅区;住宅小区,重庆市,重庆市,九龙坡区,,[]
B0017933BA,天祥苑,滩子口龙江支路,023-68506174,106.526242,29.497707,120302,商务住宅;住宅区;住宅小区,重庆市,重庆市,九龙坡区,,[]
B00179264H,双铁金大楼,新市场叉路口14号,[],106.541716,29.493288,120302,商务住宅;住宅区;住宅小区,重庆市,重庆市,九龙坡区,,[]
B0017946NW,黄正街社区,黄桷坪正街230附2号附近,[],106.543806,29.488414,120302,商务住宅;住宅区;住宅小区,重庆市,重庆市,九龙坡区,,[]
B001786TIX,龙隐花苑,铁路四村12号,[],106.543658,29.490690,120302,商务住宅;住宅区;住宅小区,重庆市,重庆市,九龙坡区,,[]
B00178VN46,黄桷印象,黄桷枰正街232号,[],106.543994,29.487722,120302,商务住宅;住宅区;住宅小区,重庆市,重庆市,九龙坡区,,[]
B0G0P9IVAU,小美院(四川美术学院家属区),黄椎坪街道黄桶坪正街185号附近,[],106.543808,29.486954,120302,商务住宅;住宅区;住宅小区,重庆市,重庆市,九龙坡区,,[]
B00178X6D0,庆翔·正雅阁,滩子口龙江支路42号,[],106.521890,29.495638,120302,商务住宅;住宅区;住宅小区,重庆市,重庆市,九龙坡区,,[]
B00178TWYE,万顺楼,滩子口71号,[],106.526690,29.498511,120302,商务住宅;住宅区;住宅小区,重庆市,重庆市,九龙坡区,,[]
B0KR67Z6C2,铁路六村,龙吟路东50米(四川美术学院地铁站4号口步行410米),[],106.543844,29.486081,120302,商务住宅;住宅区;住宅小区,重庆市,重庆市,九龙坡区,,[]
B0L3HLC2EU,铁路一村,直港大道与龙吟路交叉口东南340米,[],106.533866,29.498845,120302,商务住宅;住宅区;住宅小区,重庆市,重庆市,九龙坡区,,[]
B0FFGKBH7B,广厦城江界,九龙大道1号(滩子口地铁站4号口步行230米),[],106.531365,29.499646,120302,商务住宅;住宅区;住宅小区,重庆市,重庆市,九龙坡区,,[]
B001785J7W,天河名港,滩子口49-70号,[],106.526560,29.499087,120302,商务住宅;住宅区;住宅小区,重庆市,重庆市,九龙坡区,,[]
B00178TY9L,田野小区,滩子口101号,[],106.524887,29.498539,120302,商务住宅;住宅区;住宅小区,重庆市,重庆市,九龙坡区,,[]
B0FFH2LK4D,龙江支路小区,龙江支路与高进路辅路交叉口西北160米,[],106.521813,29.495965,120302,商务住宅;住宅区;住宅小区,重庆市,重庆市,九龙坡区,,[]
B0I30SK9A0,三角道社区,铁路五村19号,[],106.545670,29.487448,130106|120302,政府机构及社会团体;政府机关;乡镇以下级政府及事业单位|商务住宅;住宅区;住宅小区,重庆市,重庆市,九龙坡区,,[]
B0FFFEBHPX,新市场社区,黄桷坪铁路三村(四川美术学院地铁站4号口步行470米),[],106.545207,29.491636,120302,商务住宅;住宅区;住宅小区,重庆市,重庆市,九龙坡区,,[]
B0FFGYQ8BT,和信公寓,杨家坪正街与龙江路交叉口西120米,[],106.524041,29.498861,120302,商务住宅;住宅区;住宅小区,重庆市,重庆市,九龙坡区,,[]
B001786WK0,晋愉·九龙湾,铁路一村28号1,[],106.529585,29.501358,120302,商务住宅;住宅区;住宅小区,重庆市,重庆市,九龙坡区,,[]
B0JKB7NVZ8,金辉云缦长滩,九凤大道与天兴路交叉口东南140米,[],106.524127,29.500019,120302,商务住宅;住宅区;住宅小区,重庆市,重庆市,九龙坡区,,[]
B0FFGG6MP6,新华春天,西子路202号,[],106.519851,29.498256,120302,商务住宅;住宅区;住宅小区,重庆市,重庆市,九龙坡区,,[]
B0FFHH5IG2,太极集团滩子口家属楼,龙吟路晋愉九龙湾西侧,[],106.528411,29.501395,120302,商务住宅;住宅区;住宅小区,重庆市,重庆市,九龙坡区,,[]
B0L1MKFVQ9,新华春天B区,九凤大道与九凤支路交叉口西北120米,[],106.521213,29.498917,120302,商务住宅;住宅区;住宅小区,重庆市,重庆市,九龙坡区,,[]
B001786L6L,福星·颐美华庭,天兴路49号(滩子口地铁站2A口步行420米),[],106.523639,29.501293,120302,商务住宅;住宅区;住宅小区,重庆市,重庆市,九龙坡区,,[]
B0LDH5LOHD,新华春天-东区,九凤大道与九凤支路交叉口西北140米,[],106.520614,29.498600,120302,商务住宅;住宅区;住宅小区,重庆市,重庆市,九龙坡区,,[]
B0FFF39F3Z,天宝新苑,杨家坪天兴路41号,[],106.525464,29.502047,120302,商务住宅;住宅区;住宅小区,重庆市,重庆市,九龙坡区,,[]
B0LDU6ACKO,新华春天-西区,西子路与高进路交叉口西北160米,[],106.518623,29.497881,120302,商务住宅;住宅区;住宅小区,重庆市,重庆市,九龙坡区,,[]
B00178XDNT,新华苑B区,直港大道天兴路39号,[],106.524982,29.502313,120302,商务住宅;住宅区;住宅小区,重庆市,重庆市,九龙坡区,,[]
B0L69SN60M,新华苑,九凤大道与天兴路交叉口东北260米,[],106.524986,29.502306,120302,商务住宅;住宅区;住宅小区,重庆市,重庆市,九龙坡区,,[]
B00178XE7G,和坤和家园,天兴路51号,[],106.523486,29.502543,120302,商务住宅;住宅区;住宅小区,重庆市,重庆市,九龙坡区,,[]
B0FFH5QZQJ,融汇江山E区,融汇五园海支路,[],106.518776,29.475332,120302,商务住宅;住宅区;住宅小区,重庆市,重庆市,巴南区,,[]
B00178XA3G,融汇江山,巴滨路融汇半岛段,[],106.519933,29.474447,120302,商务住宅;住宅区;住宅小区,重庆市,重庆市,巴南区,,[]
B0FFGG557C,融汇江山D区,[],[],106.520873,29.473616,120302,商务住宅;住宅区;住宅小区,重庆市,重庆市,巴南区,,[]
B00170AFBV,铁马公寓,西子路51号,[],106.517996,29.499937,120302,商务住宅;住宅区;住宅小区,重庆市,重庆市,九龙坡区,,[]
B00170I3JP,上江城,天兴路2号,[],106.529096,29.504753,120302,商务住宅;住宅区;住宅小区,重庆市,重庆市,九龙坡区,,[]
B00170A3UR,佳锦园,天兴路6号,[],106.527186,29.504636,120302,商务住宅;住宅区;住宅小区,重庆市,重庆市,九龙坡区,,[]
B0017822XE,皓林新华苑,新华六村33幢,[],106.519422,29.502015,120302,商务住宅;住宅区;住宅小区,重庆市,重庆市,九龙坡区,,[]
B0FFKBCHJJ,融汇半岛天澜,融汇大道与汇滨一路交叉口北300米,[],106.514626,29.476729,120302,商务住宅;住宅区;住宅小区,重庆市,重庆市,巴南区,,[]
B0K6XH08LS,D10·天际玲珑台,杨家坪正街51号,[],106.518429,29.501748,120302,商务住宅;住宅区;住宅小区,重庆市,重庆市,九龙坡区,,[]
B0FFG0ICLT,融汇半岛五园湾A区,融汇大道5号,[],106.517552,29.473925,120302,商务住宅;住宅区;住宅小区,重庆市,重庆市,巴南区,,[]
B0FFK4J7VL,融汇半岛C公馆,巴滨路融汇半岛段(融汇半岛旁),[],106.520964,29.471797,120302,商务住宅;住宅区;住宅小区,重庆市,重庆市,巴南区,,[]
B00178VPRC,金江明珠,直港大道48号,[],106.529837,29.505954,120302,商务住宅;住宅区;住宅小区,重庆市,重庆市,九龙坡区,,[]
B001786TWV,融汇半岛五园湾,李家沱融汇大道5号(长江大桥南桥头),023-62595598,106.518445,29.473140,120302,商务住宅;住宅区;住宅小区,重庆市,重庆市,巴南区,,[]
B0017875AK,锦绣江南,工矿路28号,[],106.534173,29.469246,120302,商务住宅;住宅区;住宅小区,重庆市,重庆市,巴南区,,[]
B0FFJO63VD,融汇半岛五园湾B区,融汇大道5号,[],106.519185,29.472430,120302,商务住宅;住宅区;住宅小区,重庆市,重庆市,巴南区,,[]
B0FFJ1F5O8,融汇半岛水晶公馆,融汇大道492-494正北方向170米,[],106.515898,29.474817,120302,商务住宅;住宅区;住宅小区,重庆市,重庆市,巴南区,,[]
B00178VSRD,江趣阁,天兴路1号上江城,[],106.529328,29.505904,120302,商务住宅;住宅区;住宅小区,重庆市,重庆市,九龙坡区,,[]
B00170AEUU,天合家园,天宝路126-130号,[],106.526601,29.505817,120302,商务住宅;住宅区;住宅小区,重庆市,重庆市,九龙坡区,,[]
B00170A3W9,佳庆园,天宝路132-138号,[],106.525504,29.505682,120302,商务住宅;住宅区;住宅小区,重庆市,重庆市,九龙坡区,,[]
B0H1PHQACD,新希望·D10天际,杨家坪正街,[],106.517294,29.502353,120302,商务住宅;住宅区;住宅小区,重庆市,重庆市,九龙坡区,,4.7
B0FFGKB5KF,桥南村,马王坪正街与红光大道交叉口东200米,[],106.529913,29.468293,120302,商务住宅;住宅区;住宅小区,重庆市,重庆市,巴南区,,[]
B0KKOSZPAR,新希望D10天际星湖岛,杨家坪正街51号,[],106.516354,29.502241,120302,商务住宅;住宅区;住宅小区,重庆市,重庆市,九龙坡区,,[]
B0IUCUZOJ1,新天泽·江上云境(建设中),杨九路,[],106.533191,29.497991,120302,商务住宅;住宅区;住宅小区,重庆市,重庆市,九龙坡区,,[]
B001702AD3,佳宝园,天宝路127号,[],106.525619,29.506475,120302,商务住宅;住宅区;住宅小区,重庆市,重庆市,九龙坡区,,[]
B0017933QJ,天宝路小区,天宝路96号,[],106.523641,29.505913,120302,商务住宅;住宅区;住宅小区,重庆市,重庆市,九龙坡区,,[]
B0G1TSVQ2Q,一曲晴江,巴滨路,[],106.531870,29.467745,120302,商务住宅;住宅区;住宅小区,重庆市,重庆市,巴南区,,[]
B0017822XD,重啤花园,西郊三村5号,[],106.513946,29.500784,120302,商务住宅;住宅区;住宅小区,重庆市,重庆市,九龙坡区,,[]
B00178230Q,映江花园,李家沱马王坪正街,023-62868103,106.536874,29.468220,120302,商务住宅;住宅区;住宅小区,重庆市,重庆市,巴南区,,[]
B00178TTX3,星河世家,直港大道28号,[],106.526608,29.507307,120302,商务住宅;住宅区;住宅小区,重庆市,重庆市,九龙坡区,,[]
B0FFF2SB7R,斌鑫·新华苑2期,天宝路12号,[],106.521934,29.506151,120302,商务住宅;住宅区;住宅小区,重庆市,重庆市,九龙坡区,,[]
B0LKRC65S4,富怡阁,天长路与直港大道交叉口西120米,[],106.529000,29.507000,120302,商务住宅;住宅区;住宅小区,重庆市,重庆市,九龙坡区,,[]
B0L39ZSBE2,马王坪正街二社区,工矿路与工裕路交叉口东北80米,[],106.535098,29.468527,120302,商务住宅;住宅区;住宅小区,重庆市,重庆市,巴南区,,[]
B0HUJAZJLV,江湾印月,工矿路19号,[],106.534805,29.467463,120302,商务住宅;住宅区;住宅小区,重庆市,重庆市,巴南区,,[]
B00179AXF4,晨曦花园,马王坪正街与红光大道交叉口东200米,[],106.529617,29.467512,120302,商务住宅;住宅区;住宅小区,重庆市,重庆市,巴南区,,[]
B00178232M,晨曦花园西区,桥南村11幢附11号楼李家沱马王坪正街,[],106.529224,29.467701,120302,商务住宅;住宅区;住宅小区,重庆市,重庆市,巴南区,,[]
B0LKRN5N2U,富盛阁,天长路与天宝路交叉口东北20米,[],106.527475,29.506925,120302,商务住宅;住宅区;住宅小区,重庆市,重庆市,九龙坡区,,[]
B0FFG0BHQH,珠江花园南区,杨家坪直港大道,[],106.528026,29.507610,120302,商务住宅;住宅区;住宅小区,重庆市,重庆市,九龙坡区,,[]
B00178758E,天鹅堡,杨家坪直港大道中段26号,[],106.525144,29.507414,120302,商务住宅;住宅区;住宅小区,重庆市,重庆市,九龙坡区,,[]
B00170A0NU,广厦经典,西郊路28号(动物园地铁站2号口步行300米),[],106.511122,29.499016,120302,商务住宅;住宅区;住宅小区,重庆市,重庆市,九龙坡区,,[]
B00170316A,西郊三村杨渡小区,杨渡支路与西郊路交叉口东南280米,[],106.510493,29.497569,120302,商务住宅;住宅区;住宅小区,重庆市,重庆市,九龙坡区,,[]
B00178TWOI,晨曦花园东区,桥南村(李家沱大桥地铁站出入口步行410米),[],106.530053,29.467310,120302,商务住宅;住宅区;住宅小区,重庆市,重庆市,巴南区,,[]
B00178VPD2,融汇半岛爱窝,融汇大道26号,[],106.514691,29.472440,120302,商务住宅;住宅区;住宅小区,重庆市,重庆市,巴南区,,[]
B0FFJGNA2Z,珠江花园,直港大道199号,[],106.528221,29.508648,120302,商务住宅;住宅区;住宅小区,重庆市,重庆市,九龙坡区,,[]
B0017822XF,斌鑫·新华苑,天宝路12号,[],106.521311,29.506774,120302,商务住宅;住宅区;住宅小区,重庆市,重庆市,九龙坡区,,[]
B0JBY5Q30D,融汇半岛江上公馆B区,融汇大道与汇滨一路交叉口西140米,[],106.512182,29.474719,120302,商务住宅;住宅区;住宅小区,重庆市,重庆市,巴南区,,[]
B0FFHKES3E,天鹅花园,直港大道22号,[],106.524102,29.507651,120302,商务住宅;住宅区;住宅小区,重庆市,重庆市,九龙坡区,,[]
B0H2N5FS7C,江湾印月·熙月,李家沱街道工矿路19号,[],106.534495,29.466982,120302,商务住宅;住宅区;住宅小区,重庆市,重庆市,巴南区,,[]
B0FFH2WXTH,公安大楼,天宝路88号,[],106.522652,29.506624,120302,商务住宅;住宅区;住宅小区,重庆市,重庆市,九龙坡区,,[]
B001786THS,东方雅园,[],[],106.528144,29.466979,120302,商务住宅;住宅区;住宅小区,重庆市,重庆市,巴南区,,[]
B0KG9U4RLI,卓越龙珠居,九龙街道上游四社,[],106.508326,29.491909,120302,商务住宅;住宅区;住宅小区,重庆市,重庆市,九龙坡区,,[]
B0FFHJCV1U,珠江花园北区,直港大道199号,[],106.527623,29.508377,120302,商务住宅;住宅区;住宅小区,重庆市,重庆市,九龙坡区,,[]
B00178TWYB,西城镜园,杨家坪西郊三村1号8幢(动物园地铁站1号口步行440米),[],106.512945,29.502166,120302,商务住宅;住宅区;住宅小区,重庆市,重庆市,九龙坡区,,4.2
B00178TWMZ,庆丰花园,李家沱马王坪正街22号,18696507715,106.536431,29.466846,120302,商务住宅;住宅区;住宅小区,重庆市,重庆市,巴南区,,[]
B00178752K,祥和·如意居,杨渡村138(动物园地铁站2号口步行480米),[],106.508866,29.496689,120302,商务住宅;住宅区;住宅小区,重庆市,重庆市,九龙坡区,,[]
B0017822XH,金都香榭,直港大道18号,[],106.522563,29.507941,120302,商务住宅;住宅区;住宅小区,重庆市,重庆市,九龙坡区,,[]
B0L2PXSID6,珠江花园2期,直港大道与天长路交叉口东南60米,[],106.527175,29.507975,120302,商务住宅;住宅区;住宅小区,重庆市,重庆市,九龙坡区,,[]
B0FFGKB54H,渝沙村,马王坪正街与红光大道交叉口东南100米,[],106.528657,29.467089,120302,商务住宅;住宅区;住宅小区,重庆市,重庆市,巴南区,,[]
B0FFH5QZQT,斌鑫·新华苑1期,天宝路10号,[],106.520828,29.507212,120302,商务住宅;住宅区;住宅小区,重庆市,重庆市,九龙坡区,,[]
B0L1CR6AXN,映江花园B区,工矿路与马王坪正街交叉口北100米,[],106.536070,29.467310,120302,商务住宅;住宅区;住宅小区,重庆市,重庆市,巴南区,,[]
B0FFGAZL7Z,融汇半岛江上公馆,汇滨二路与融汇大道交叉口,[],106.511253,29.474220,120302,商务住宅;住宅区;住宅小区,重庆市,重庆市,巴南区,,3.5
B0FFGG6MP4,西郊三村,杨渡支路与西郊路交叉口南220米,[],106.509705,29.498055,120302,商务住宅;住宅区;住宅小区,重庆市,重庆市,九龙坡区,,[]
B001707DQI,茂苑小区B区,李家沱马王坪正街29号,023-66906178,106.537522,29.466479,120302,商务住宅;住宅区;住宅小区,重庆市,重庆市,巴南区,,[]
B001790LJU,汇景苑,西郊路29号(动物园地铁站1号口步行420米),[],106.511724,29.501540,120302,商务住宅;住宅区;住宅小区,重庆市,重庆市,九龙坡区,,[]
B0L1AUJIA7,云池水岸,李渡路59号,[],106.543774,29.469218,120302,商务住宅;住宅区;住宅小区,重庆市,重庆市,巴南区,,[]
B0FFLDZ955,融汇半岛·拾光公馆,香缇漫山西南门,023-86996666,106.515268,29.470277,120302,商务住宅;住宅区;住宅小区,重庆市,重庆市,巴南区,,[]
B0FFHEIEPE,玉宇.盛世江南,马王坪正街101号,[],106.530247,29.465549,120302,商务住宅;住宅区;住宅小区,重庆市,重庆市,巴南区,,[]
B0FFGKB54W,立丹苑,马王坪三角碑,[],106.533845,29.466247,120302,商务住宅;住宅区;住宅小区,重庆市,重庆市,巴南区,,[]
B00178TXYF,典雅苑,马王坪正街与工矿路交叉口南60米,[],106.536171,29.465828,120302,商务住宅;住宅区;住宅小区,重庆市,重庆市,巴南区,,[]
B0FFF3951C,融汇半岛·玫瑰公馆,融汇大道,[],106.512134,29.472407,120302,商务住宅;住宅区;住宅小区,重庆市,重庆市,巴南区,,[]
B0017822YL,佳瑞园,直港大道17号附14号,[],106.525969,29.509313,120302,商务住宅;住宅区;住宅小区,重庆市,重庆市,九龙坡区,,[]
B00178TWY8,金汇园,西郊路24巷16号(杨家坪地铁站2号口步行470米),[],106.513854,29.503838,120302,商务住宅;住宅区;住宅小区,重庆市,重庆市,九龙坡区,,[]
B0FFKBDNV7,重庆国草良品农业发展有限公司,巴滨路2128号附4号2-6,[],106.547653,29.471344,120302|170200,商务住宅;住宅区;住宅小区|公司企业;公司;公司,重庆市,重庆市,巴南区,,[]
B0FFHD5HQJ,东邦·小悦湾,巴南滨江路附近,[],106.545216,29.468508,120302|050100,商务住宅;住宅区;住宅小区|餐饮服务;中餐厅;中餐厅,重庆市,重庆市,巴南区,,[]
B0LKZXH0TQ,风江格阁,万象四路与九滨路交叉口西140米,[],106.528525,29.509075,120302,商务住宅;住宅区;住宅小区,重庆市,重庆市,九龙坡区,,[]
B0FFF38XFR,中航万科金域学府翰江,渝南分流道与二塘街交汇处西南角,[],106.557029,29.491651,120302,商务住宅;住宅区;住宅小区,重庆市,重庆市,南岸区,,[]
B0FFJ27M8U,中航万科金域学府翰江2期,南滨西路35号,[],106.557218,29.490265,120302,商务住宅;住宅区;住宅小区,重庆市,重庆市,南岸区,,[]
B0J1XMSJJ8,渝丰馨苑,西郊路二十四巷二十四号,[],106.514309,29.503965,120302,商务住宅;住宅区;住宅小区,重庆市,重庆市,九龙坡区,,[]
B0L13R7J7H,珠江花园丽景阁,直港大道与天长路交叉口北100米,[],106.526968,29.509171,120302,商务住宅;住宅区;住宅小区,重庆市,重庆市,九龙坡区,,[]
B00170AJK2,阳光馨苑,西郊路24巷25号(杨家坪地铁站2号口步行310米),[],106.513905,29.504628,120302,商务住宅;住宅区;住宅小区,重庆市,重庆市,九龙坡区,,[]
B0LBRRK90B,重庆水轮机厂家属院,马王坪正街与工矿路交叉口西220米,[],106.534125,29.465625,120302,商务住宅;住宅区;住宅小区,重庆市,重庆市,巴南区,,[]
B0FFL1XGPY,中航万科金域学府翰江1期,南坪镇六公里,[],106.556938,29.492315,120302,商务住宅;住宅区;住宅小区,重庆市,重庆市,南岸区,,[]
B0L6TSAAIP,融汇半岛克拉公馆(建设中),峡谷路与博文二路交叉口南320米,[],106.516721,29.468743,120302,商务住宅;住宅区;住宅小区,重庆市,重庆市,巴南区,,[]
B0FFIBS0TX,融汇半岛观江,汇悦路与汇景路交叉口北240米,[],106.509160,29.474948,120302,商务住宅;住宅区;住宅小区,重庆市,重庆市,巴南区,,[]
B001703635,李家沱宏源小区,李家沱马王坪正街,[],106.533286,29.465356,120302,商务住宅;住宅区;住宅小区,重庆市,重庆市,巴南区,,[]
B0JBYRZ5HX,东邦·小悦湾一期,李渡路与巴滨路交叉口南140米,[],106.546356,29.468895,120302,商务住宅;住宅区;住宅小区,重庆市,重庆市,巴南区,,[]
B0FFF00A7X,西城映画,西郊路40号(动物园地铁站2号口步行200米),[],106.507997,29.498816,120302,商务住宅;住宅区;住宅小区,重庆市,重庆市,九龙坡区,,[]
B00170I3SJ,都市桃源,西郊路19号附11号(杨家坪地铁站2号口步行190米),[],106.514573,29.505921,120302,商务住宅;住宅区;住宅小区,重庆市,重庆市,九龙坡区,,[]
B0G3HR6QBL,万科·金域学府,南滨路与二塘路交叉口东北160米,[],106.556930,29.492329,120302,商务住宅;住宅区;住宅小区,重庆市,重庆市,南岸区,,[]
B0FFMBTPWB,融汇半岛江上公馆A区,汇滨一路与汇悦路交叉口东北160米,[],106.510072,29.473612,120302,商务住宅;住宅区;住宅小区,重庆市,重庆市,巴南区,,[]
B0HUARG4V8,曦圆青岗湾2期,马王坪正街与马王坪后街交叉口东南约40米,[],106.538839,29.466352,120302,商务住宅;住宅区;住宅小区,重庆市,重庆市,巴南区,,[]
B0FFK8TNK7,中建龙玺台,九龙街道杨渡村5号,[],106.505284,29.493611,120302,商务住宅;住宅区;住宅小区,重庆市,重庆市,九龙坡区,,[]
B0LD4KHODS,香堤漫山6期,博文二路与峡谷路交叉口南160米,[],106.515528,29.470037,120302,商务住宅;住宅区;住宅小区,重庆市,重庆市,巴南区,,[]
B0FFG8W3CZ,杨渡村,西郊路59附1附近,[],106.507688,29.497373,120302,商务住宅;住宅区;住宅小区,重庆市,重庆市,九龙坡区,,[]
B0LD4KHSOS,观江16期,汇悦路与汇景路交叉口东北260米,[],106.509925,29.474975,120302,商务住宅;住宅区;住宅小区,重庆市,重庆市,巴南区,,[]
B0FFGX4TMX,融汇半岛艾德公馆,李家沱融汇大道5号(长江大桥南桥头),023-62595598,106.512803,29.470424,120302,商务住宅;住宅区;住宅小区,重庆市,重庆市,巴南区,,[]
B0G1D1I3JW,融汇半岛东区2期,融汇大道与汇南二路交叉口东北约200米,[],106.519434,29.466491,120302,商务住宅;住宅区;住宅小区,重庆市,重庆市,巴南区,,[]
B00178UCFO,直港大道小区,直港大道与天宝路交叉口西南60米,[],106.521227,29.508825,120302,商务住宅;住宅区;住宅小区,重庆市,重庆市,九龙坡区,,[]
B0L2POQY2W,珠江花园A期,万象四路与万金路交叉口南120米,[],106.528875,29.510125,120302,商务住宅;住宅区;住宅小区,重庆市,重庆市,九龙坡区,,[]
B001786WCL,四季花园,西郊路17号(杨家坪地铁站2号口步行210米),[],106.513602,29.505675,120302,商务住宅;住宅区;住宅小区,重庆市,重庆市,九龙坡区,,[]
B0L377M0S6,桃花溪D座,桃花溪街与西郊路交叉口东80米,[],106.513275,29.504025,120302|120201,商务住宅;住宅区;住宅小区|商务住宅;楼宇;商务写字楼,重庆市,重庆市,九龙坡区,,[]
B00178X9M6,群乐佳苑,群乐路,[],106.549530,29.469935,120302,商务住宅;住宅区;住宅小区,重庆市,重庆市,巴南区,,[]
B00170I3SR,心巢御园,西郊路59号(动物园地铁站2号口步行460米),[],106.506518,29.497611,120302,商务住宅;住宅区;住宅小区,重庆市,重庆市,九龙坡区,,[]
B00178TWYA,天赐佳园,西郊路56号,[],106.511043,29.503331,120302,商务住宅;住宅区;住宅小区,重庆市,重庆市,九龙坡区,,[]
B00178TWY7,锦龙苑,杨家坪西郊路30号(动物园地铁站1号口步行300米),[],106.507972,29.500039,120302,商务住宅;住宅区;住宅小区,重庆市,重庆市,九龙坡区,,[]
B0FFJKBXXN,美好家园,杨家坪街道桃花溪街74号(杨家坪地铁站2号口步行390米),[],106.512935,29.504367,120302,商务住宅;住宅区;住宅小区,重庆市,重庆市,九龙坡区,,[]
B0017822QJ,斌鑫·丰泽园,杨家坪直港大道,023-89809700,106.520660,29.509738,120302,商务住宅;住宅区;住宅小区,重庆市,重庆市,九龙坡区,,[]
B001786U9Z,紫金星城,李家沱三角碑车站,[],106.533443,29.463904,120302,商务住宅;住宅区;住宅小区,重庆市,重庆市,巴南区,,[]
B0FFF5NULI,民主三村,九龙坡杨家坪直港大道中段,[],106.522862,29.510115,120302,商务住宅;住宅区;住宅小区,重庆市,重庆市,九龙坡区,,[]
B00178TWYD,跃华直港小区,直港大道2号,[],106.519486,29.509188,120302,商务住宅;住宅区;住宅小区,重庆市,重庆市,九龙坡区,,[]
B00178YWIU,祥瑞新城,杨家坪劳动一村59号,[],106.525488,29.511433,120302,商务住宅;住宅区;住宅小区,重庆市,重庆市,九龙坡区,,3.7
B00178TWMY,明鑫园,李家沱马王坪正街2号,[],106.542652,29.465929,120302,商务住宅;住宅区;住宅小区,重庆市,重庆市,巴南区,,[]
B0FFH107HD,蓝光林肯公园,龙洲大道2999号,023-62897777,106.558961,29.483826,120302,商务住宅;住宅区;住宅小区,重庆市,重庆市,巴南区,,[]
B0FFGMHLRK,工联一村,李渡路与巴滨路交叉口东260米,[],106.548803,29.469523,120302,商务住宅;住宅区;住宅小区,重庆市,重庆市,巴南区,,[]
B0JB31DPID,重庆市第七人民医院-家属区,李渡路与巴滨路交叉口东220米,[],106.548590,29.469690,120302,商务住宅;住宅区;住宅小区,重庆市,重庆市,巴南区,,[]
B0HGFA61X3,卓越中寰,杨家坪商圈动物园旁(动物园地铁站1号口步行280米),[],106.506839,29.499769,120302,商务住宅;住宅区;住宅小区,重庆市,重庆市,九龙坡区,,[]
B0G3ZBLJFD,康养1号,马王坪后街与马王坪正街交叉口南120米,[],106.539315,29.465342,120302,商务住宅;住宅区;住宅小区,重庆市,重庆市,巴南区,,[]
B001786TTP,融汇半岛东区,李家沱融汇大道1号(重庆理工大学地铁站2D口步行90米),[],106.519384,29.465531,120302,商务住宅;住宅区;住宅小区,重庆市,重庆市,巴南区,,[]
B0FFGKB4AL,杨渡一村,武装部支路与杨渡路交叉口东南160米,[],106.505673,29.496564,120302,商务住宅;住宅区;住宅小区,重庆市,重庆市,九龙坡区,,[]
B0FFJOLBCD,东原·九城时光,九滨路2号,[],106.526755,29.512206,120302,商务住宅;住宅区;住宅小区,重庆市,重庆市,九龙坡区,,[]
B0FFFG0620,中交那里,杨渡路639号,[],106.503543,29.493588,120302,商务住宅;住宅区;住宅小区,重庆市,重庆市,大渡口区,,[]
B0FFH25ZDS,建新东苑,马王坪后街与李石路交叉口北80米,[],106.537355,29.464194,120302,商务住宅;住宅区;住宅小区,重庆市,重庆市,巴南区,,[]
B0L2O5WECJ,锦怡B座,杨家坪西郊路24号锦怡国际,[],106.511125,29.503675,120201|120302,商务住宅;楼宇;商务写字楼|商务住宅;住宅区;住宅小区,重庆市,重庆市,九龙坡区,,[]
B001786RWQ,美堤雅城B区,汇龙路68号(兰花路地铁站4号口步行410米),[],106.555990,29.499982,120302,商务住宅;住宅区;住宅小区,重庆市,重庆市,南岸区,,[]
B0KBR7UFUH,染料新村,李石路与马王坪后街交叉口东北160米,[],106.538497,29.464712,120302,商务住宅;住宅区;住宅小区,重庆市,重庆市,巴南区,,[]
B001786S3M,艾佳天泰,团结路50号(杨家坪地铁站4号口步行230米),[],106.518468,29.510024,120302,商务住宅;住宅区;住宅小区,重庆市,重庆市,九龙坡区,,[]
B0LAV190T6,双鉄金大厦,黄桷坪正街与龙吟路交叉口北180米,[],106.541278,29.485869,120201,商务住宅;楼宇;商务写字楼,重庆市,重庆市,九龙坡区,,[]
B001703A42,福星楼,黄桷坪正街,[],106.543497,29.488765,120201,商务住宅;楼宇;商务写字楼,重庆市,重庆市,九龙坡区,,[]
B001786RW2,观江大厦,滩子口加油站旁,[],106.532608,29.499340,120201,商务住宅;楼宇;商务写字楼,重庆市,重庆市,九龙坡区,,[]
B001792975,重庆南站货运楼,龙吟路重庆南站货场附近,[],106.545359,29.484434,120201,商务住宅;楼宇;商务写字楼,重庆市,重庆市,九龙坡区,,4.4
B0LR0OPKAQ,五洲世纪文化创意中心-办公大楼,九凤支路与九凤大道交叉口东100米,[],106.522775,29.497925,120201,商务住宅;楼宇;商务写字楼,重庆市,重庆市,九龙坡区,,[]
B00178XAV1,港华大楼,铁路二村227号,[],106.534110,29.500619,120201,商务住宅;楼宇;商务写字楼,重庆市,重庆市,九龙坡区,,[]
B0KGLC0UW1,九龙智荟大厦,西子路新华春天A6栋,[],106.519211,29.498110,120201,商务住宅;楼宇;商务写字楼,重庆市,重庆市,九龙坡区,,[]
B0FFKR79AL,重庆冶金动力建筑安装工程公司综合大楼,[],[],106.510561,29.490474,120201,商务住宅;楼宇;商务写字楼,重庆市,重庆市,大渡口区,,[]
B0H21U8LKM,融汇西流沱滨江旅游区-滨江公园,融汇大道与汇滨一路交叉口北240米,[],106.514431,29.476215,120201,商务住宅;楼宇;商务写字楼,重庆市,重庆市,巴南区,,3.6
B00170A47F,建设大厦(直港大道),杨家坪民主三村9栋,[],106.525761,29.508708,120201,商务住宅;楼宇;商务写字楼,重庆市,重庆市,九龙坡区,,[]
B0LUNL33BO,中迪广场A区,上阳路与复兴路交叉口东80米,[],106.517212,29.504679,120201,商务住宅;楼宇;商务写字楼,重庆市,重庆市,九龙坡区,,[]
B0LR1XUSAA,建设大厦B幢,建设大厦(直港大道),[],106.526317,29.508640,120201,商务住宅;楼宇;商务写字楼,重庆市,重庆市,九龙坡区,,[]
B0HRK5A1Q4,重庆中迪广场4栋,复兴路与上阳路交叉口北120米,[],106.515947,29.505981,120201,商务住宅;楼宇;商务写字楼,重庆市,重庆市,九龙坡区,,[]
B001791PYK,轻轨综合楼,杨家坪西交路29号(动物园轻轨车站旁),[],106.508987,29.499436,120201,商务住宅;楼宇;商务写字楼,重庆市,重庆市,九龙坡区,,[]
B0LGF7QGFR,滨江商业,南滨路与二塘路交叉口东南40米,[],106.556375,29.490575,120201,商务住宅;楼宇;商务写字楼,重庆市,重庆市,南岸区,,[]
B0FFJDT2MG,重庆市征兵大楼,南滨西路1号,[],106.555035,29.498231,120201,商务住宅;楼宇;商务写字楼,重庆市,重庆市,南岸区,,[]
B0MG272N1G,桃花溪G座,桃花溪街与西郊路交叉口东南140米,[],106.513275,29.503175,120201,商务住宅;楼宇;商务写字楼,重庆市,重庆市,九龙坡区,,[]
B0HRKH9MIY,重庆中迪广场3栋,复兴路与高进支路交叉口东南100米,[],106.515512,29.506468,120201,商务住宅;楼宇;商务写字楼,重庆市,重庆市,九龙坡区,,[]
B0L2B7LCPT,立丹大厦3栋,马王坪正街17号立丹大厦,[],106.538575,29.466225,120201,商务住宅;楼宇;商务写字楼,重庆市,重庆市,巴南区,,[]
B0017926GG,信合大厦,西郊路80中旁(杨家坪地铁站2号口步行370米),[],106.512285,29.504771,120201,商务住宅;楼宇;商务写字楼,重庆市,重庆市,九龙坡区,,[]
B0FFKC2RJM,天宝商住楼,直港大道11号,[],106.522613,29.509247,120201,商务住宅;楼宇;商务写字楼,重庆市,重庆市,九龙坡区,,[]
B0FFFADZAQ,锦怡国际,杨家坪西郊路24号,[],106.510922,29.503723,120201,商务住宅;楼宇;商务写字楼,重庆市,重庆市,九龙坡区,,[]
B0JB31HT5F,民主党派大楼,西郊路与桃花溪街交叉口西40米,[],106.511956,29.504029,120201,商务住宅;楼宇;商务写字楼,重庆市,重庆市,九龙坡区,,[]
B00170AGWI,西郊大厦(西郊支路),前进路38号(杨家坪地铁站1号口步行170米),023-68426727,106.512717,29.506445,120201,商务住宅;楼宇;商务写字楼,重庆市,重庆市,九龙坡区,,[]
B001702F80,盛仁汇大厦,杨家坪横街28号(杨家坪地铁站2号口步行360米),[],106.516708,29.509032,120201,商务住宅;楼宇;商务写字楼,重庆市,重庆市,九龙坡区,,[]
B0L12RUZDP,玖福金座1栋,李石路与马王坪正街交叉口南140米,[],106.539875,29.465025,120201,商务住宅;楼宇;商务写字楼,重庆市,重庆市,巴南区,,[]
B0LGXLDY56,桃花溪A座,西郊支路与西郊路交叉口西80米,[],106.511525,29.504375,120201|120302,商务住宅;楼宇;商务写字楼|商务住宅;住宅区;住宅小区,重庆市,重庆市,九龙坡区,,[]
B00178X3ZY,九龙大厦(锦龙路),西郊路98号(动物园地铁站1号口步行460米),[],106.505114,29.498483,120201,商务住宅;楼宇;商务写字楼,重庆市,重庆市,九龙坡区,,[]
B001702DFC,国际金融大厦(团结路),团结路1-2号(杨家坪地铁站2号口步行260米),[],106.515625,29.509157,120201,商务住宅;楼宇;商务写字楼,重庆市,重庆市,九龙坡区,,[]
B0LU6LKUNK,中迪广场写字楼,直港大道与杨家坪横街交叉口东北100米,[],106.520011,29.510009,120201,商务住宅;楼宇;商务写字楼,重庆市,重庆市,九龙坡区,,[]
B00178X4JM,龙湖·西城国际,珠江路48号(杨家坪地铁站4号口步行270米),[],106.517460,29.510560,120201,商务住宅;楼宇;商务写字楼,重庆市,重庆市,九龙坡区,,[]
B0I601BG2R,融智中心,直港大道与兴胜路交叉口东南40米,[],106.518496,29.509512,120201,商务住宅;楼宇;商务写字楼,重庆市,重庆市,九龙坡区,,[]
B0FFM1NE33,龙湖·西城国际C座,团结路与兴胜路交叉口西60米,[],106.517485,29.510232,120201,商务住宅;楼宇;商务写字楼,重庆市,重庆市,九龙坡区,,[]
B0FFM2W0CD,西城天街C座,珠江路48号龙湖·西城国际,[],106.517711,29.510131,120201,商务住宅;楼宇;商务写字楼,重庆市,重庆市,九龙坡区,,[]
B0FFL5JSU1,白云大厦,珠江路与杨家坪横街交叉口西北40米,[],106.515970,29.508977,120201,商务住宅;楼宇;商务写字楼,重庆市,重庆市,九龙坡区,,[]
B0JAYB8039,百丰广场,李家沱正街与马王坪正街交叉口西南60米,[],106.542886,29.465076,120201,商务住宅;楼宇;商务写字楼,重庆市,重庆市,巴南区,,[]
B0L2R5M1F4,凌云商务1号楼,西郊支路与桃花溪街交叉口东北60米,[],106.510851,29.504805,120201,商务住宅;楼宇;商务写字楼,重庆市,重庆市,九龙坡区,,[]
B0L3OKWUSN,立丹大厦,杨家坪横街与杨家坪正街交叉口东北40米,[],106.515825,29.508975,120201,商务住宅;楼宇;商务写字楼,重庆市,重庆市,九龙坡区,,[]
B0FFK4IUY2,西街星座B座,珠江路48号(杨家坪地铁站4号口步行140米),[],106.517264,29.510788,120201,商务住宅;楼宇;商务写字楼,重庆市,重庆市,九龙坡区,,[]
B0JB31HTHL,九龙坡区供销社-综合楼,西郊支路与桃花溪街交叉口北140米,[],106.510986,29.505411,120201,商务住宅;楼宇;商务写字楼,重庆市,重庆市,九龙坡区,,[]
B0LDZ5MH4U,九龙大厦2栋,西郊路98号九龙大厦(锦龙路),[],106.505161,29.498437,120201,商务住宅;楼宇;商务写字楼,重庆市,重庆市,九龙坡区,,[]
B0L197HOMA,盛仁汇大厦28号,珠江路与杨家坪横街交叉口北40米,[],106.516325,29.509125,120201,商务住宅;楼宇;商务写字楼,重庆市,重庆市,九龙坡区,,[]
B00178VSRJ,佳宇大厦,杨家坪珠江路39号2-38号,[],106.516012,29.510360,120201,商务住宅;楼宇;商务写字楼,重庆市,重庆市,九龙坡区,,[]
B0L04UXDPA,重庆市九龙坡区珠江路48号2幢龙湖西城天街A馆,兴胜路与团结路交叉口西北20米,[],106.517925,29.510175,120201,商务住宅;楼宇;商务写字楼,重庆市,重庆市,九龙坡区,,[]
B0FFHP1GV6,龙湖西街星座A座,杨家坪珠江路西城天街48号,[],106.517583,29.511314,120201,商务住宅;楼宇;商务写字楼,重庆市,重庆市,九龙坡区,,[]
B0L1FO0IQY,九龙坡区杨家坪正升百老汇广场A座,正升·百老汇广场(杨家坪地铁站5号口步行150米),[],106.515025,29.508975,120201,商务住宅;楼宇;商务写字楼,重庆市,重庆市,九龙坡区,,[]
B001707HOC,银都大厦,杨家坪正街13号(杨家坪地铁站2号口步行440米),[],106.515935,29.510787,120201,商务住宅;楼宇;商务写字楼,重庆市,重庆市,九龙坡区,,[]
B0FFGVZUR7,西城天街B馆,珠江路49-1号附近,[],106.517111,29.511099,120201,商务住宅;楼宇;商务写字楼,重庆市,重庆市,九龙坡区,,[]
B0I0YPSMOP,杨家坪重百大楼,杨家坪(杨家坪地铁站2号口步行410米),[],106.514977,29.510914,120201,商务住宅;楼宇;商务写字楼,重庆市,重庆市,九龙坡区,,[]
B001793458,时代壹佰,巴南大道2号(恒大城附近),[],106.546375,29.463956,120201,商务住宅;楼宇;商务写字楼,重庆市,重庆市,巴南区,,[]
B0KR4CGYUU,跃华新都写字楼,前进支路与前进路交叉口东北60米,[],106.513793,29.509193,120201,商务住宅;楼宇;商务写字楼,重庆市,重庆市,九龙坡区,,[]
B0H3M78537,渝隆创新大厦,前进支路15号(杨家坪地铁站5号口步行260米),[],106.513183,29.509851,120201,商务住宅;楼宇;商务写字楼,重庆市,重庆市,九龙坡区,,[]
B0FFK3GY67,重庆杨家坪五环大楼,杨家坪正街11号,[],106.516747,29.511574,120201,商务住宅;楼宇;商务写字楼,重庆市,重庆市,九龙坡区,,[]
B0FFG7YPDP,金茂大厦,杨家坪正街24号(杨家坪地铁站2号口步行390米),[],106.515088,29.510844,120201,商务住宅;楼宇;商务写字楼,重庆市,重庆市,九龙坡区,,[]
B0LR0OPRBE,银都大厦A座,杨家坪正街13号银都大厦(杨家坪地铁站5号口步行90米),[],106.515675,29.510625,120201,商务住宅;楼宇;商务写字楼,重庆市,重庆市,九龙坡区,,[]
B0017926D3,百康年·世纪门,杨家坪正街8号,023-68962233,106.515402,29.512123,120201,商务住宅;楼宇;商务写字楼,重庆市,重庆市,九龙坡区,,[]
B00178XDIX,百康年·世纪门C座,杨家坪正街8号,023-68962233,106.515923,29.512159,120201,商务住宅;楼宇;商务写字楼,重庆市,重庆市,九龙坡区,,[]
B0FFGMKBYB,李家沱钻石公寓,林湖一路215号,[],106.545544,29.463065,120201,商务住宅;楼宇;商务写字楼,重庆市,重庆市,巴南区,,[]
B0LR01OPMQ,金茂大厦A栋,杨家坪正街24号金茂大厦(杨家坪地铁站5号口步行50米),[],106.514825,29.510525,120201,商务住宅;楼宇;商务写字楼,重庆市,重庆市,九龙坡区,,[]
B0FFG7XQW8,建行大厦,杨家坪正街20号,[],106.515117,29.511259,120201,商务住宅;楼宇;商务写字楼,重庆市,重庆市,九龙坡区,,[]
B00170KWOJ,九九商业大厦,兴胜路68号附5号,[],106.516354,29.512732,120201,商务住宅;楼宇;商务写字楼,重庆市,重庆市,九龙坡区,,[]
B0FFGE82TY,杨家坪力扬国际,兴胜路55号(杨家坪地铁站5号口步行290米),[],106.512436,29.509974,120203|120201,商务住宅;楼宇;商住两用楼宇|商务住宅;楼宇;商务写字楼,重庆市,重庆市,九龙坡区,,[]
B001702F84,金洲商务大厦,杨家坪兴胜路66号9-1号,[],106.515630,29.512372,120201,商务住宅;楼宇;商务写字楼,重庆市,重庆市,九龙坡区,,[]
B0017877OF,渝隆大厦,杨家坪正街26号附4号,[],106.513691,29.511500,120201,商务住宅;楼宇;商务写字楼,重庆市,重庆市,九龙坡区,,[]
B00178XE0B,百康年·世纪门A座商业,步行街8号3幢附近,[],106.514788,29.512227,120201|120203,商务住宅;楼宇;商务写字楼|商务住宅;楼宇;商住两用楼宇,重庆市,重庆市,九龙坡区,,[]
B00179465Y,荣州苑商务楼,新胜一村6幢附1号(杨家坪地铁站1号口步行480米),[],106.512375,29.511046,120201,商务住宅;楼宇;商务写字楼,重庆市,重庆市,九龙坡区,,[]
B0FFGIC0QM,力扬国际B座,杨家坪兴胜路55号(力扬国际),13618330794,106.511698,29.510302,120201|120203,商务住宅;楼宇;商务写字楼|商务住宅;楼宇;商住两用楼宇,重庆市,重庆市,九龙坡区,,[]
B001786VZR,建设广场,杨家坪谢家湾正街59号,[],106.517660,29.513938,120201,商务住宅;楼宇;商务写字楼,重庆市,重庆市,九龙坡区,,[]
B0L1YXEQUA,邮政大楼,珠江路与杨家坪正街交叉口西40米,[],106.515375,29.511425,120201,商务住宅;楼宇;商务写字楼,重庆市,重庆市,九龙坡区,,[]
B0FFG0OSW0,华润广场B座,谢家湾正街53号,[],106.518713,29.514660,120201,商务住宅;楼宇;商务写字楼,重庆市,重庆市,九龙坡区,,3.4
B0FFGMMTZC,华润广场,谢家湾正街49号,15823161402,106.518873,29.514607,120201,商务住宅;楼宇;商务写字楼,重庆市,重庆市,九龙坡区,,4.7
B0FFG7XPSR,兴胜大厦,杨家坪兴胜路56号,[],106.514950,29.512871,120201,商务住宅;楼宇;商务写字楼,重庆市,重庆市,九龙坡区,,[]
B0FFK8GNX9,保利时代广场B座,兴胜路与兴胜支路交叉口北100米,[],106.512588,29.512864,120201,商务住宅;楼宇;商务写字楼,重庆市,重庆市,九龙坡区,,[]
B0L1C971GM,谢家湾街道建业大厦4单元,谢家湾正街与国美支路交叉口西40米,[],106.516580,29.513537,120201,商务住宅;楼宇;商务写字楼,重庆市,重庆市,九龙坡区,,[]
B0FFKCPHGL,保利时代广场A座,花半里路与兴胜路交叉口东60米,[],106.512269,29.513224,120201,商务住宅;楼宇;商务写字楼,重庆市,重庆市,九龙坡区,,[]
B0L2UCEJC8,重庆南岸区无忧传媒3栋,丹龙路17号数字产业·渝产业园,[],106.549675,29.512025,120201,商务住宅;楼宇;商务写字楼,重庆市,重庆市,南岸区,,[]
B0LR0OP0A1,盾安九龙都L楼,兴胜路与兴胜支路交叉口东北60米,[],106.513025,29.512125,120201,商务住宅;楼宇;商务写字楼,重庆市,重庆市,九龙坡区,,[]
B0LAP7F7LU,世贸广场-南区,李家沱正街与凯德路交叉口东140米,[],106.544421,29.460781,120201,商务住宅;楼宇;商务写字楼,重庆市,重庆市,巴南区,,[]
B0L3O1Z0JK,巴渝大厦1栋,劳动三村2号附4-5号巴渝大厦,[],106.516575,29.514175,120201,商务住宅;楼宇;商务写字楼,重庆市,重庆市,九龙坡区,,[]
B0HA56LHKZ,万达国际写字楼,青龙路与桃源二路交叉口东南80米,[],106.547152,29.514097,120201,商务住宅;楼宇;商务写字楼,重庆市,重庆市,南岸区,,[]
B0L12LV6YT,保亿中心2号楼,青龙路西侧保亿中心,[],106.552775,29.511525,120201,商务住宅;楼宇;商务写字楼,重庆市,重庆市,南岸区,,[]
B00179297D,海丰楼,新胜三村1幢1号,[],106.508572,29.511467,120201|120203,商务住宅;楼宇;商务写字楼|商务住宅;楼宇;商住两用楼宇,重庆市,重庆市,九龙坡区,,[]
B0I60LCV9F,传媒大厦,兴胜路与石坪桥正街交叉口西南180米,[],106.509997,29.512223,120201,商务住宅;楼宇;商务写字楼,重庆市,重庆市,九龙坡区,,[]
B0IDH5N0I6,新大新大厦,丹回路与丹龙路交叉口东280米,[],106.552675,29.511275,120201,商务住宅;楼宇;商务写字楼,重庆市,重庆市,南岸区,,[]
B0FFKOPGEV,九龙坡区招生办公室大楼,兴胜路与花半里路交叉口西南120米,[],106.510341,29.512584,120201,商务住宅;楼宇;商务写字楼,重庆市,重庆市,九龙坡区,,[]
B0I6BZI780,教育直属单位办公大楼,兴胜路与花半里路交叉口西南120米,[],106.510381,29.512638,120201,商务住宅;楼宇;商务写字楼,重庆市,重庆市,九龙坡区,,[]
B0L1A7JL5K,金鼎大厦15栋,冶金一村15号金鼎大厦,[],106.509475,29.512625,120201,商务住宅;楼宇;商务写字楼,重庆市,重庆市,九龙坡区,,[]
B0FFI6QWTT,天乐时光A座,冶金一村15号金鼎大厦,[],106.509546,29.512416,120201,商务住宅;楼宇;商务写字楼,重庆市,重庆市,九龙坡区,,[]
B0LRLNMRW2,金鼎大厦1单元,冶金路与彩虹路交叉口东北140米,[],106.509515,29.512661,120201,商务住宅;楼宇;商务写字楼,重庆市,重庆市,九龙坡区,,[]
B00170ANMM,中国十八冶综合办公楼,冶金路与石坪桥横街交叉口东北200米,[],106.504383,29.509961,120201,商务住宅;楼宇;商务写字楼,重庆市,重庆市,九龙坡区,,[]
B0L3VHIWBW,中阳大厦4栋,石坪桥正街2号中阳大厦(石坪桥地铁站1A口步行420米),[],106.511295,29.513786,120201,商务住宅;楼宇;商务写字楼,重庆市,重庆市,九龙坡区,,[]
B0L1BMYSKH,隆鑫通用平台总部大楼,南湖路3号,[],106.560898,29.507217,120201,商务住宅;楼宇;商务写字楼,重庆市,重庆市,南岸区,,[]
B0FFLFP4RK,圆通速递(青龙路店),青龙路与白鹤路交叉口南100米,[],106.555068,29.513888,120201,商务住宅;楼宇;商务写字楼,重庆市,重庆市,南岸区,,3.6
B0L3A1XOKN,东楼,双龙路与大石二支路交叉口东北220米,[],106.562382,29.509968,120201,商务住宅;楼宇;商务写字楼,重庆市,重庆市,南岸区,,[]
B0FFK9G3H6,世贸广场,渝南大道与巴南大道交叉口东北220米,[],106.560394,29.461073,120201,商务住宅;楼宇;商务写字楼,重庆市,重庆市,巴南区,,[]
B0L2K7G0WA,刘大姐生鲜超市(广厦城店),黄角坪广厦城6号9幢附2号,15310139453,106.531172,29.490905,060703,购物服务;综合市场;农副产品市场,重庆市,重庆市,九龙坡区,,3.8
B0FFF2NGI7,卤味家便利店(广厦城巢上二期店),广厦城6号8幢附15号,13983023093,106.530553,29.490944,060200,购物服务;便民商店/便利店;便民商店/便利店,重庆市,重庆市,九龙坡区,,3.7
B0KRFUSBC8,条马批发部(广厦城店),广厦城6号广厦城巢上二期,[],106.530962,29.490992,060000,购物服务;购物相关场所;购物相关场所,重庆市,重庆市,九龙坡区,,4.0
B0FFGK8HEB,家佳超市(广厦城店),广厦城一期6号院13-2号,4000237858,106.532010,29.491111,060400,购物服务;超级市场;超市,重庆市,重庆市,九龙坡区,,4.3
B0LDD57SBV,沃鑫礼品黄金烟酒回收,龙广路与龙江路交叉口东100米,18224351424,106.530273,29.491545,061200,购物服务;专卖店;专营店,重庆市,重庆市,九龙坡区,,3.6
B0FFG1LC82,永胜超市(九龙店),九龙花园东门旁,[],106.528911,29.491197,060400,购物服务;超级市场;超市,重庆市,重庆市,九龙坡区,,3.6
B0KUGHRG8N,零食很忙(重庆九龙坡广厦城店),广厦城6号4栋一层7.8号,4009998082,106.529671,29.491935,061200,购物服务;专卖店;专营店,重庆市,重庆市,九龙坡区,,4.3
B0ID6R5WXY,嘉百邻超市(广厦城店),九龙小学东南2门东60米,[],106.529970,29.492519,060400,购物服务;超级市场;超市,重庆市,重庆市,九龙坡区,,4.0
B0JGJR3N1D,雪茄铺子(黄桷坪店),九龙民间文化美食街与高进路交叉口西80米,[],106.527504,29.491895,061210,购物服务;专卖店;烟酒专卖店,重庆市,重庆市,九龙坡区,,4.4
B0L3MCMJ2X,带我回家·猫舍犬舍宠物市场,黄桷坪街道锦龙路289号4幢附14号,13026180207,106.526106,29.490497,061211,购物服务;专卖店;宠物用品店,重庆市,重庆市,九龙坡区,,3.8
B0FFHKF1QB,宏亿电脑(广厦城一期2号院店),龙江路广厦城2号附13号,18523505495,106.530251,29.493242,060306|071200,购物服务;家电电子卖场;数码电子|生活服务;维修站点;维修站点,重庆市,重庆市,九龙坡区,,3.4
B0J0JZDY7P,仓象仓(花园店),九龙美食街3号,[],106.527167,29.492224,060000,购物服务;购物相关场所;购物相关场所,重庆市,重庆市,九龙坡区,,4.0
B0L307LISJ,重庆宠物市场猫舍犬舍猫狗售卖,黄桷坪街道锦龙路289号1幢附8号,18367144516,106.524940,29.490038,061211,购物服务;专卖店;宠物用品店,重庆市,重庆市,九龙坡区,,4.4
B0FFG1LGRM,喜士多副食(金源利·青国青城店),锦龙路289号3幢附3号,13368192227,106.525131,29.490262,060200,购物服务;便民商店/便利店;便民商店/便利店,重庆市,重庆市,九龙坡区,,3.8
B0FFIAH57D,百果园(广厦城店),龙江路10号附15号,023-68435426,106.530049,29.494137,060704,购物服务;综合市场;果品市场,重庆市,重庆市,九龙坡区,,4.3
B0FFLIGX2C,LABO 23广厦城·山顶道店,滩子口九龙花园(福星水世界旁)山顶道店,13308352923,106.524800,29.492626,060000,购物服务;购物相关场所;购物相关场所,重庆市,重庆市,九龙坡区,,3.9
B0FFHEDT3L,7点鲜生活超市(广夏城店),龙江路8号保利心语花园,[],106.529165,29.495110,060400,购物服务;超级市场;超市,重庆市,重庆市,九龙坡区,,4.0
B0I2XU1NT1,条马批发部(保利心语店),龙江路95号附16号,[],106.528770,29.495417,060200,购物服务;便民商店/便利店;便民商店/便利店,重庆市,重庆市,九龙坡区,,4.0
B0J06RRHHK,HEYU·艺术商店,黄桷坪街道黄桷坪正街川美后街,[],106.540374,29.489321,060000,购物服务;购物相关场所;购物相关场所,重庆市,重庆市,九龙坡区,,3.6
B001792M5X,新世纪超市(黄桷坪店),黄桷坪街道黄桷坪正街搬运西村3号黄桷花园,023-89087051,106.541198,29.490777,060400,购物服务;超级市场;超市,重庆市,重庆市,九龙坡区,,4.4
B0H3OH0RKX,品物集,铁路二村122号(黄桷坪地铁站4号口步行320米),13594139439;18875082412,106.539589,29.492826,060000,购物服务;购物相关场所;购物相关场所,重庆市,重庆市,九龙坡区,,3.6
B0H3XU1OFB,LAWSON罗森(电力高等专科学校店),黄桷坪街道邮电路搬运东村10-16号,023-68615676,106.541198,29.490024,060200|050000,购物服务;便民商店/便利店;便民商店/便利店|餐饮服务;餐饮相关场所;餐饮相关,重庆市,重庆市,九龙坡区,,3.7
B0FFKGBVD3,永生五金建材,黄桷坪街道搬运西村158号附2号,13883287761,106.540159,29.492310,060603,购物服务;家居建材市场;建材五金市场,重庆市,重庆市,九龙坡区,,3.6
B0FFGFPF2V,琦然易购(黄桷花园店),黄桷坪街道黄桷坪正街搬运西村3号黄桷花园,18883187778,106.541485,29.491386,060200,购物服务;便民商店/便利店;便民商店/便利店,重庆市,重庆市,九龙坡区,,3.5
B0HRSCQPME,立达五金,黄桷坪正街3号附7号,023-68500816,106.542524,29.490082,060603,购物服务;家居建材市场;建材五金市场,重庆市,重庆市,九龙坡区,,3.7
B00179458V,鲁轩美术培训学校(黄桷坪总部校区),黄桷坪正街5号附10号(四川美术学院地铁站4号口旁),15826287260;15923147511,106.542999,29.489410,141400|060000,科教文化服务;培训机构;培训机构|购物服务;购物相关场所;购物相关场所,重庆市,重庆市,九龙坡区,,4.5
B0GDSRROF7,谊品生鲜(黄桷坪店),新建路1-1号(四川美术学院地铁站4号口步行170米),15983108889,106.542499,29.490810,060703,购物服务;综合市场;农副产品市场,重庆市,重庆市,九龙坡区,,3.9
B0FFJRCP60,西渝皮艺馆,黄桷坪街4号附7号,13648323906,106.542791,29.489845,061100|070000,购物服务;服装鞋帽皮具店;服装鞋帽皮具店|生活服务;生活服务场所;生活服务场所,重庆市,重庆市,九龙坡区,,3.8
B0FFGY6C3I,黄桷坪菜市场(龙隐花苑店),黄桷坪街道黄桷坪正街搬运西村3号黄桷花园,023-68516497;15998920432,106.542513,29.490837,060705,购物服务;综合市场;蔬菜市场,重庆市,重庆市,九龙坡区,,4.0
B0G127MQGM,易可购超市(志龙·观江岭店),杨九路管家林11号附13号,13658251496,106.534774,29.497521,060400,购物服务;超级市场;超市,重庆市,重庆市,九龙坡区,,3.6
B001786TSP,江苏炒货(黄桷坪店),黄桷坪街4号附3号(福星楼西北),13638320444,106.542820,29.489783,060704,购物服务;综合市场;果品市场,重庆市,重庆市,九龙坡区,,3.6
B0JR7LHYJP,freefall艺术商店,黄桷坪街5号附8号(四川美术学院地铁站4号口旁),15608028239,106.543088,29.489322,060000,购物服务;购物相关场所;购物相关场所,重庆市,重庆市,九龙坡区,,4.0
B0GU71NVBW,LAWSON罗森(黄桷坪店),新建路3号(四川美术学院地铁站4号口旁),023-68675530,106.543182,29.489805,060200,购物服务;便民商店/便利店;便民商店/便利店,重庆市,重庆市,九龙坡区,,4.1
B001792SH0,笔啸轩美术用品店(黄桷坪店),黄桷坪正街213号附6号,17783991297,106.543317,29.487887,060800,购物服务;文化用品店;文化用品店,重庆市,重庆市,九龙坡区,,3.7
B0017917F9,中国移动(恒泰特约代理店),黄桷坪正街福星楼8号附6号,[],106.543405,29.488614,060305|070603,购物服务;家电电子卖场;手机销售|生活服务;电讯营业厅;中国移动营业厅,重庆市,重庆市,九龙坡区,,4.3
B0JD6M17I4,菲林好玩(黄正街社区店),黄桷坪街9号附1号(四川美术学院地铁站4号口步行170米),17783850623,106.543683,29.488583,060000,购物服务;购物相关场所;购物相关场所,重庆市,重庆市,九龙坡区,,4.3
B0FFIR423K,地弹簧拉手批发,龙江支路商住楼1号附1号(滩子口地铁站2A口步行380米),18202381141,106.526094,29.497286,060603,购物服务;家居建材市场;建材五金市场,重庆市,重庆市,九龙坡区,,3.7
B0FFIZR9KA,金田便利超市,福星楼8号附7号(四川美术学院地铁站4号口步行90米),023-68604655,106.543425,29.488875,060200,购物服务;便民商店/便利店;便民商店/便利店,重庆市,重庆市,九龙坡区,,3.2
B0FFF03KHI,源来玻璃深加工,九龙八村1号附15号(滩子口地铁站2A口步行380米),13638377045,106.525589,29.497232,060603,购物服务;家居建材市场;建材五金市场,重庆市,重庆市,九龙坡区,,3.7
B0LAV52CIO,玩子中古屋,黄桷坪街9号附2号(四川美术学院地铁站4号口步行170米),17783850623,106.543677,29.488609,061200,购物服务;专卖店;专营店,重庆市,重庆市,九龙坡区,,4.0
B0FFLP79JZ,建勇门窗,黄桷坪街道滩子口正街17号,13452972779,106.525750,29.497371,060603,购物服务;家居建材市场;建材五金市场,重庆市,重庆市,九龙坡区,,3.6
B0JG9L9I8Q,不名曰·蝴蝶手作DIY(黄正街社区店),黄桷坪正街9号1楼5号,17623201808,106.543692,29.488671,060000,购物服务;购物相关场所;购物相关场所,重庆市,重庆市,九龙坡区,,4.1
B0G1SS8Q95,富华不锈钢门窗,天祥苑(滩子口地铁站2A口步行370米),13983410148,106.526148,29.497675,060603,购物服务;家居建材市场;建材五金市场,重庆市,重庆市,九龙坡区,,3.4
B0FFGSU2OJ,成达电脑照相复印(滩子口店),滩子口71号附1号(滩子口地铁站2A口步行300米),[],106.526638,29.498066,060306|070000,购物服务;家电电子卖场;数码电子|生活服务;生活服务场所;生活服务场所,重庆市,重庆市,九龙坡区,,4.1
B0J2VH9ACP,优客家便利店(天祥苑店),黄桷坪街道滩子口72号天祥苑第1层门面9号,13271893562,106.526004,29.497808,060200,购物服务;便民商店/便利店;便民商店/便利店,重庆市,重庆市,九龙坡区,,3.6
B0LDUUFM9Q,好又多超市滩子口店,滩子口71号附3号(滩子口地铁站2A口步行280米),[],106.526520,29.498200,060400,购物服务;超级市场;超市,重庆市,重庆市,九龙坡区,,4.1
B0H3JA1VMJ,军哥书屋(防空洞店),黄桷坪街道铁路五村(四川美术学院地铁站2号口步行110米),13508392488,106.545058,29.487913,061205,购物服务;专卖店;书店,重庆市,重庆市,九龙坡区,,4.6
B0FFIR8I2V,齐恩超市(黄桷坪店),铁路四村12号附10号,18580030056,106.544059,29.490845,060000,购物服务;购物相关场所;购物相关场所,重庆市,重庆市,九龙坡区,,3.8
B0HUHLMXT6,大宠九宠物俱乐部(田野小区店),黄桷坪街道滩子口103号1-5号,[],106.525011,29.498163,061211,购物服务;专卖店;宠物用品店,重庆市,重庆市,九龙坡区,,4.1
B0FFHCL3GF,果香源平价超市(天河名港店),滩子口49-70号天河名港,13350368417,106.526499,29.498893,060200,购物服务;便民商店/便利店;便民商店/便利店,重庆市,重庆市,九龙坡区,,3.5
B0L12UUPDY,凤梧超市(滩子口店),滩子口101号田野小区(滩子口地铁站2A口步行170米),[],106.525154,29.498894,060200,购物服务;便民商店/便利店;便民商店/便利店,重庆市,重庆市,九龙坡区,,3.7
B00170I3C1,正雅烟酒便利店,田野小区北门旁(滩子口地铁站2A口步行200米),18523838050;18723336956,106.524903,29.498914,060200,购物服务;便民商店/便利店;便民商店/便利店,重庆市,重庆市,九龙坡区,,3.8
B0GRVZT9A7,五洲书店,滩子口118号五洲世纪中心,023-68856868,106.523093,29.498654,061205,购物服务;专卖店;书店,重庆市,重庆市,九龙坡区,,4.6
B0K0KUD3XK,小天才电话手表(九龙坡区滩子口五洲书店一楼),西子路202号五洲书店一楼树根AI学习硬件,[],106.522833,29.497949,060000,购物服务;购物相关场所;购物相关场所,重庆市,重庆市,九龙坡区,,3.5
B0K1B7SKUM,美国汉仕国际艺术涂料,南站货运大楼正对面,13696494422,106.545303,29.484020,060603,购物服务;家居建材市场;建材五金市场,重庆市,重庆市,九龙坡区,,3.3
B0IAJL31SV,铝王铝业(和信公寓店),田野小区北门西80米(滩子口地铁站2A口步行290米),13883443120,106.523937,29.498984,060603,购物服务;家居建材市场;建材五金市场,重庆市,重庆市,九龙坡区,,3.7
B0L66DKT9I,小米之家(九龙坡区五洲书店专卖店),杨家坪街道五洲书店,023-68603706,106.523093,29.498654,060305,购物服务;家电电子卖场;手机销售,重庆市,重庆市,九龙坡区,,3.8
B0FFF2U63Z,奇美铝业(和信公寓店),滩子口182号(滩子口地铁站2A口步行320米),15223316433,106.523860,29.498991,060603,购物服务;家居建材市场;建材五金市场,重庆市,重庆市,九龙坡区,,3.7
B0L2OAVRQP,徐满仓超市,滩子口118号五洲书店LG层(滩子口地铁站2A口步行380米),[],106.523292,29.499034,060200,购物服务;便民商店/便利店;便民商店/便利店,重庆市,重庆市,九龙坡区,,4.4
B0FFJ4EPJR,心悦便利店(晋愉·九龙湾店),铁路一村28号附27号(滩子口地铁站1号口步行480米),19112825251,106.530126,29.501903,060200,购物服务;便民商店/便利店;便民商店/便利店,重庆市,重庆市,九龙坡区,,3.6
B0FFKS9ZSN,芙蓉兴盛便利超市·奕格(西子路店),杨家坪新华7村202号附74号,18580128535,106.519731,29.497770,060200,购物服务;便民商店/便利店;便民商店/便利店,重庆市,重庆市,九龙坡区,,3.9
B0017948FD,月红生鲜连锁超市(九龙湾分店),晋愉·九龙湾东北门旁,15223220806,106.530131,29.502154,060200,购物服务;便民商店/便利店;便民商店/便利店,重庆市,重庆市,九龙坡区,,3.5
B0FFKI4DS5,味谷客秀生活超市(新华春天店),杨家坪西子路新华春天A6栋,18083021608;19112769854,106.519284,29.498176,060400,购物服务;超级市场;超市,重庆市,重庆市,九龙坡区,,3.8
B001797G38,彬华批发超市(福星·颐美华庭店),天兴路49号附11号,15723205879,106.523245,29.501640,060200,购物服务;便民商店/便利店;便民商店/便利店,重庆市,重庆市,九龙坡区,,4.1
B0FFJ2N387,融汇江山5D商业街,巴滨路与峡谷路交叉口东南120米,[],106.521449,29.474577,061000,购物服务;特色商业街;特色商业街,重庆市,重庆市,巴南区,,3.6
B0LADLA2S6,非凡生活超市(上江城店),杨家坪天兴路2号附32号,[],106.529872,29.504723,060400,购物服务;超级市场;超市,重庆市,重庆市,九龙坡区,,3.8
B0HRPZ3DI1,百果园(重庆融汇半岛店),李家沱街道融汇大道66号附22号,13308397538,106.519377,29.473899,060704,购物服务;综合市场;果品市场,重庆市,重庆市,巴南区,,3.8
B0K6AHPBPC,重庆热诚玻璃门窗不锈钢有限公司,新华苑六村33号附28号,023-68425963;18325002901,106.519389,29.501669,060000,购物服务;购物相关场所;购物相关场所,重庆市,重庆市,九龙坡区,,3.5
B0FFKLEELQ,谊品生鲜(融汇半岛五园湾B区店),李家沱融汇大道5号附46、47、48、50号,15523215198;4008085898,106.519179,29.473348,060703,购物服务;综合市场;农副产品市场,重庆市,重庆市,巴南区,,4.1
B0FFIBDNJQ,芙蓉兴盛便利超市(佳锦园店),天兴路6号附8号,15882949833,106.526874,29.505146,060200,购物服务;便民商店/便利店;便民商店/便利店,重庆市,重庆市,九龙坡区,,3.9
B001786RZG,路点酒吧,直港大道48号附9号,18602338533,106.530040,29.505769,080304|061100,体育休闲服务;娱乐场所;酒吧|购物服务;服装鞋帽皮具店;服装鞋帽皮具店,重庆市,重庆市,九龙坡区,,4.2
B0L2YCX0WB,LULUZOU H SHOP(九龙坡D10店),西子路51号,13983457081,106.518004,29.502051,060000,购物服务;购物相关场所;购物相关场所,重庆市,重庆市,九龙坡区,,4.5
B0JU6HZJT8,重庆·黑珍珠,杨家坪正街4号,18996121272,106.518461,29.503055,061202,购物服务;专卖店;珠宝首饰工艺品,重庆市,重庆市,九龙坡区,,[]
B001792AEJ,利霞五金建材(融汇半岛五园湾B区店),融汇大道5号融汇半岛五园湾B区,13098782361,106.518085,29.472674,060603,购物服务;家居建材市场;建材五金市场,重庆市,重庆市,巴南区,,3.8
B00170J9AM,融汇西流沱,李家沱汇北路,023-62298809,106.512749,29.476769,061000,购物服务;特色商业街;特色商业街,重庆市,重庆市,巴南区,,4.1
B0LUYDDLPU,重庆沐然优选商贸有限公司,杨家坪街道天宝路118号-1-c号,17815197971,106.528650,29.506764,060000,购物服务;购物相关场所;购物相关场所,重庆市,重庆市,九龙坡区,,[]
B0L3XC1XJQ,星之福防火防盗木门窗工厂直营,杨家坪街道直港大道珠江花园38栋第1层附2号,19122920817;19332239625,106.529125,29.506925,060603,购物服务;家居建材市场;建材五金市场,重庆市,重庆市,九龙坡区,,3.6
B0FFFS37QA,振兴五金建材(天宝路店),直港大道28号附33号,13452159653,106.526789,29.506746,060603,购物服务;家居建材市场;建材五金市场,重庆市,重庆市,九龙坡区,,3.9
B0FFJNOU29,重庆九龙坡印象汇,杨家坪西郊三村2号(动物园地铁站2号口步行280米),023-86638086,106.512284,29.500433,060102,购物服务;商场;普通商场,重庆市,重庆市,九龙坡区,,4.6
B0FFIDSL2U,毛线沟蔬菜批发市场,祥和如意居北3门东60米(动物园地铁站2号口步行360米),023-68419414;13996669999,106.509819,29.497122,060703|060705,购物服务;综合市场;农副产品市场|购物服务;综合市场;蔬菜市场,重庆市,重庆市,九龙坡区,,4.4
B0FFH6LPF4,九龙坡蔬菜批发市场,杨渡村138号(动物园地铁站2号口步行450米),19282578946,106.509766,29.497001,060703|060705,购物服务;综合市场;农副产品市场|购物服务;综合市场;蔬菜市场,重庆市,重庆市,九龙坡区,,4.3
B0G1S7AR2B,新世纪超市(重庆九龙坡印象汇店),九龙坡区杨家坪西郊三村2号印象汇2楼(动物园正对面),023-86823308,106.512229,29.500296,060102|060400,购物服务;商场;普通商场|购物服务;超级市场;超市,重庆市,重庆市,九龙坡区,,4.3
B0FFFWHJ3Z,美利达自行车(重庆巴南店),马王坪正街70号附12号,15923319915,106.529964,29.466976,061208,购物服务;专卖店;自行车专卖店,重庆市,重庆市,巴南区,,4.2
B0J30U99TL,XDS喜德盛自行车(李家沱专卖店),李家沱街道桥南村8幢商7号,13228658318,106.529938,29.466999,061208,购物服务;专卖店;自行车专卖店,重庆市,重庆市,巴南区,,4.3
B0JGFZJ1LB,户外陶瓷解忧杂货店,李家沱融汇半岛西流沱古镇243号附7号2-5,15223423704;17338336797,106.511694,29.476282,060000,购物服务;购物相关场所;购物相关场所,重庆市,重庆市,巴南区,,3.6
B00178XJRP,LAWSON罗森(珠江花园三店),珠江花园199号,[],106.528102,29.508196,060200,购物服务;便民商店/便利店;便民商店/便利店,重庆市,重庆市,九龙坡区,,3.9
B0FFHMVJ30,双华便利店(珠江花园北区店),珠江医院南门旁,023-68403253;15310828883,106.528280,29.508153,060200,购物服务;便民商店/便利店;便民商店/便利店,重庆市,重庆市,九龙坡区,,3.8
B00178367Q,宝岛眼镜(杨家坪印象汇店),杨家坪西郊三村2号2层02-31号,023-68780653,106.511921,29.499884,061204,购物服务;专卖店;眼镜店,重庆市,重庆市,九龙坡区,,3.6
B0G0A7X9UN,重庆代国脚手架围挡,滩子口44号3-2-1号,13608368344,106.509967,29.497616,060603,购物服务;家居建材市场;建材五金市场,重庆市,重庆市,九龙坡区,,3.9
B0LALUAUEY,谊品生鲜24小时折扣店,直港大道珠江花园1栋43号,13330320240,106.527422,29.508311,060703,购物服务;综合市场;农副产品市场,重庆市,重庆市,九龙坡区,,3.6
B0K07L7MN2,鸿源建材·五金店,晨曦花园东区西南门东南70米,13032398867,106.530265,29.466890,060603,购物服务;家居建材市场;建材五金市场,重庆市,重庆市,巴南区,,3.6
B0JGRZ2HL5,蒲公英(动物园店),杨家坪西郊三村2号印象汇01层47号,15102327317,106.511942,29.500735,061100|050000,购物服务;服装鞋帽皮具店;服装鞋帽皮具店|餐饮服务;餐饮相关场所;餐饮相关,重庆市,重庆市,九龙坡区,,4.2
B0HU77Z2ZL,小米之家(九龙坡区印象汇专卖店),杨家坪街道重庆重庆市九龙坡区西郊路29号(印象汇小米之家),023-68493156,106.512040,29.500672,060305,购物服务;家电电子卖场;手机销售,重庆市,重庆市,九龙坡区,,3.8
B0FFGZY3FB,重庆中迪广场,杨家坪正街68号(杨家坪地铁站7号口步行100米),023-68789999,106.516585,29.505666,060100,购物服务;商场;商场,重庆市,重庆市,九龙坡区,,4.5
B00178XDIR,天友生活(金都店),直港大道26号附16号,15215138886,106.525359,29.508321,060703,购物服务;综合市场;农副产品市场,重庆市,重庆市,九龙坡区,,3.6
B0KAX7ETAP,元祖食品(融汇半岛店),李家沱街道融汇大道277号(玫瑰公馆1号门旁),13101356019,106.513647,29.472558,060000,购物服务;购物相关场所;购物相关场所,重庆市,重庆市,巴南区,,4.1
B0FFIJWI91,谊品生鲜折扣店(融汇大道店),融汇大道11号靠近融汇半岛·玫瑰公馆,15826171250;15922839167,106.513315,29.473136,060703,购物服务;综合市场;农副产品市场,重庆市,重庆市,巴南区,,3.7
B0G3LDHSND,中国移动5G(兴科黄桷坪营业厅)(暂停营业),黄桷坪正街8号福星楼附6号,15923274688;15923274689,106.543422,29.488780,060305|070603,购物服务;家电电子卖场;手机销售|生活服务;电讯营业厅;中国移动营业厅,重庆市,重庆市,九龙坡区,,4.3
B0H04HBMY1,杨家坪动物园广夏经典逸民超市,杨家坪街道西郊路28号1栋1层11号,15808019890,106.510531,29.499240,060200,购物服务;便民商店/便利店;便民商店/便利店,重庆市,重庆市,九龙坡区,,3.8
B0FFHCZCLA,中国电信(融汇半岛指定营业厅),融汇大道7号,18996080813,106.514275,29.472175,060305|070601,购物服务;家电电子卖场;手机销售|生活服务;电讯营业厅;中国电信营业厅,重庆市,重庆市,巴南区,,4.5
B0L0NMR633,凤梧超市(玫瑰公馆店),融汇大道11号,[],106.513318,29.473136,060200,购物服务;便民商店/便利店;便民商店/便利店,重庆市,重庆市,巴南区,,3.9
B0FFHFT03C,义乌小商品超市(典雅苑店),马王坪正街25号附1号,[],106.536731,29.466341,060701|060400,购物服务;综合市场;小商品市场|购物服务;超级市场;超市,重庆市,重庆市,巴南区,,3.9
B0H0D79S0X,天福茗茶(直港大道店 ),杨家坪直港大道15号2-3号,023-68428813,106.524996,29.508646,061200,购物服务;专卖店;专营店,重庆市,重庆市,九龙坡区,,4.4
B0FFG8VE4X,齐恩超市(爱窝店),李家沱融汇大道7号融汇半岛7期5栋1号楼,18580030056,106.514489,29.471455,060400,购物服务;超级市场;超市,重庆市,重庆市,巴南区,,4.0
B0K17XQU8D,誉多批发部(马王坪正街店),李家沱派出所三角碑治安岗亭西侧60米,13350352889,106.533138,29.465924,060200,购物服务;便民商店/便利店;便民商店/便利店,重庆市,重庆市,巴南区,,3.6
B0JU5UFWIO,金渝超市(马王坪店),李家沱马王坪正街81号,[],106.535255,29.465868,060200,购物服务;便民商店/便利店;便民商店/便利店,重庆市,重庆市,巴南区,,4.4
B0H135L026,金渝超市(融汇店),李家沱街道融汇大道259号,023-62335858,106.513570,29.471681,060400,购物服务;超级市场;超市,重庆市,重庆市,巴南区,,4.4
B0LDPC00ZI,优贝儿童青少年自行车(巴南店),李渡路79号附21号,18680886675,106.545552,29.469519,060000,购物服务;购物相关场所;购物相关场所,重庆市,重庆市,巴南区,,3.7
B0FFKHO56Q,盒马鲜生(杨家坪店),杨家坪正街68号附85号中迪广场G2层,023-68531925,106.515889,29.505924,060000,购物服务;购物相关场所;购物相关场所,重庆市,重庆市,九龙坡区,,4.6
B0FFG9MYB2,嘉禾农贸市场(直港店),杨家坪直港大道26号1栋,13072318756,106.524503,29.508981,060703,购物服务;综合市场;农副产品市场,重庆市,重庆市,九龙坡区,,3.9
B0FFL5CN8Z,巴南鸿宇二手厨具市场(东邦·小悦湾店),东邦小悦湾,13883062927;17702300321,106.546817,29.469726,060702,购物服务;综合市场;旧货市场,重庆市,重庆市,巴南区,,4.4
B0FFH0DT77,凤梧便利(三角碑店),马王坪正街32号,[],106.534453,29.465775,060200,购物服务;便民商店/便利店;便民商店/便利店,重庆市,重庆市,巴南区,,4.0
B0JK3AF8B9,凤凰自行车(博雅商城店),李家沱马王坪正街2-6号(凤梧超市二楼),13224043595,106.538754,29.466397,061208,购物服务;专卖店;自行车专卖店,重庆市,重庆市,巴南区,,4.0
B0K2OC7KBC,瑞豹运动自行车(巴南店),东邦·小悦湾一期,18680886675,106.545599,29.469224,061208,购物服务;专卖店;自行车专卖店,重庆市,重庆市,巴南区,,4.0
B0G265MRYJ,金域学府万科生活汇(中航万科金域学府翰江1期店),南滨西路33号,023-63025111;023-67088666,106.556138,29.493029,060000,购物服务;购物相关场所;购物相关场所,重庆市,重庆市,南岸区,,3.5
B0FFGW4RKN,马王坪菜市场,立丹大厦东门西50米,023-62869241;17353158730,106.538708,29.465849,060705,购物服务;综合市场;蔬菜市场,重庆市,重庆市,巴南区,,4.3
B00170I4ZF,博雅商城,马王坪正街与马王坪后街交叉口东南60米,[],106.538791,29.466190,060102,购物服务;商场;普通商场,重庆市,重庆市,巴南区,,3.6
B0FFKV97AJ,视野联行眼镜全国连锁(重庆杨家坪店),杨家坪店中迪广场4栋20层2号,17318414718;18580417815,106.515804,29.505913,061204,购物服务;专卖店;眼镜店,重庆市,重庆市,九龙坡区,,4.3
B0H0ACTUP8,捷安特自行车(南滨西路店),南滨西路35号附9号,18983280851;19908390916,106.556924,29.490936,060900,购物服务;体育用品店;体育用品店,重庆市,重庆市,南岸区,,4.2
B0L2A52624,凤梧超市(立丹店),博雅商城北门旁,[],106.538775,29.466275,060200,购物服务;便民商店/便利店;便民商店/便利店,重庆市,重庆市,巴南区,,3.8
B0H0MAIS56,中国移动(强胜指定专营店),仙桃街道泰宁路3号附7号,[],106.539194,29.466204,070603|060305,生活服务;电讯营业厅;中国移动营业厅|购物服务;家电电子卖场;手机销售,重庆市,重庆市,巴南区,,4.1
B0LUGXRVFM,杨家坪冻库,重庆市九龙坡区谢家湾街道谢家湾民主三村,023-68888388,106.525204,29.509687,170200|060000,公司企业;公司;公司|购物服务;购物相关场所;购物相关场所,重庆市,重庆市,九龙坡区,,4.0
B0J03U6963,中国电信(中迪广场店),"杨正街68号1栋附333号,3栋大门口",18100877328,106.515825,29.506075,060305,购物服务;家电电子卖场;手机销售,重庆市,重庆市,九龙坡区,,3.9
B0FFFZKREZ,爱客超市(心巢御园店),西郊路59号附1号,[],106.507550,29.497434,060200,购物服务;便民商店/便利店;便民商店/便利店,重庆市,重庆市,九龙坡区,,4.2
B0JRR5QYRX,快易通(寄卖行)二手奢侈品回收营业点,快易通寄卖行马王坪正街,17119867979,106.540773,29.466287,061300|070000,购物服务;特殊买卖场所;特殊买卖场所|生活服务;生活服务场所;生活服务场所,重庆市,重庆市,巴南区,,3.6
B0I64SQRVJ,重庆李家沱大融城(暂停营业),李渡路与群乐路交叉口北200米,[],106.544509,29.467246,060101,购物服务;商场;购物中心,重庆市,重庆市,巴南区,,4.3
B0KA7A23TY,美的智慧家(重庆优乐装饰总部店),锦龙路西城映画2层优乐装饰,13883903369,106.508058,29.498948,060000,购物服务;购物相关场所;购物相关场所,重庆市,重庆市,九龙坡区,,3.6
B0JDMM0FAU,LAWSON罗森(九龙明珠店),西郊路33号(动物园地铁站1号口旁),18323451434,106.508979,29.500254,060200,购物服务;便民商店/便利店;便民商店/便利店,重庆市,重庆市,九龙坡区,,4.0
B0GKV94V0G,泉源堂(融汇半岛艾德公馆店),李家沱融汇大道5号融汇半岛艾德公馆,023-62971949;19908393475,106.513779,29.470275,061201,购物服务;专卖店;古玩字画店,重庆市,重庆市,巴南区,,3.7
B0I0NS9FPF,龙玺超市(中建龙玺台店),杨渡村中建龙玺台5号附15号,15213408845,106.505428,29.493149,060200,购物服务;便民商店/便利店;便民商店/便利店,重庆市,重庆市,大渡口区,,4.2
B0G3LCI2XJ,万家兴达重庆市场部,南滨西路35号附9号二楼,023-62530976;19922295553,106.557595,29.490770,060400|170000,购物服务;超级市场;超市|公司企业;公司企业;公司企业,重庆市,重庆市,南岸区,,3.8
B001786WHV,巴南李家沱新华书店,李家沱马王坪正街12号东南亚商厦,023-86532596,106.540767,29.465892,061205,购物服务;专卖店;书店,重庆市,重庆市,巴南区,,4.1
B0L6NM41O8,好想来零食乐园(重庆九龙坡区西郊路店),杨家坪街道西郊路24巷27号附7号,4000107777,106.513113,29.505020,061200,购物服务;专卖店;专营店,重庆市,重庆市,九龙坡区,,4.3
B0K31YNMFJ,蒂格门窗超市(融汇半岛江上公馆A区店),汇北路4号附6号江上公馆客服旁,18381940109,106.509525,29.473975,060603,购物服务;家居建材市场;建材五金市场,重庆市,重庆市,巴南区,,3.8
B0FFIOWOOU,三夫人优选超市(杨家坪西郊店),西郊路24巷25号阳光馨苑,17353154798,106.513107,29.505135,060200|060400,购物服务;便民商店/便利店;便民商店/便利店|购物服务;超级市场;超市,重庆市,重庆市,九龙坡区,,4.0
B0IGJZM2EX,重庆都成万禾汽车服务有限公司,西郊路37号(动物园地铁站2号口步行340米),023-68784499,106.507244,29.498341,033100|010000|020000|060000,汽车维修;长安汽车维修;长安汽车维修|汽车服务;汽车服务相关;汽车服务相关|汽车销售;汽车销售;汽车销售|购物服务;购物相关场所;购物相关场所,重庆市,重庆市,九龙坡区,,4.4
B0FFHRWIXH,远鸿五金建材(西郊路24巷),西郊路17号四季花园(杨家坪地铁站2号口步行290米),15802397005,106.513426,29.505331,060603,购物服务;家居建材市场;建材五金市场,重庆市,重庆市,九龙坡区,,3.9
B001788DJW,永辉超市(巴南区都和广场店),李家沱林荫村18号都和广场负一楼永辉超市内自助收银机旁,4000601933,106.541841,29.465428,060400,购物服务;超级市场;超市,重庆市,重庆市,巴南区,,4.5
B0L1NLWJEI,京东家电,融汇大道217号,17723658985;18680712636,106.514613,29.469080,060300,购物服务;家电电子卖场;家电电子卖场,重庆市,重庆市,巴南区,,3.8
B0JAFMGGHO,冯氏开锁换锁疏通管道(都市桃源店),杨家坪街道西郊路19号附2号,13628217791;15823115021,106.514864,29.506468,060000,购物服务;购物相关场所;购物相关场所,重庆市,重庆市,九龙坡区,,4.0
B0J1OACWIV,美宜佳(重庆中迪广场店),中迪广场2号门(杨家坪地铁站7号口步行80米),19112927798,106.515422,29.506912,060000,购物服务;购物相关场所;购物相关场所,重庆市,重庆市,九龙坡区,,4.0
B0KRVLLPX6,华为授权体验店(都和广场),李家沱林荫村18号1-1号都和广场YM-1号房屋,023-62415946,106.542707,29.465822,060305,购物服务;家电电子卖场;手机销售,重庆市,重庆市,巴南区,,4.2
B00170KWS1,京东MALL(重庆杨家坪店),西郊路3号(杨家坪地铁站2号口旁),023-67865533,106.514691,29.507787,060102|060604|060305|080111,购物服务;商场;普通商场|购物服务;家居建材市场;厨卫市场|购物服务;家电电子卖场;手机销售|体育休闲服务;运动场馆;健身中心,重庆市,重庆市,九龙坡区,,4.8
B0L0DMMF1C,中国联通智慧生活馆(巴南驰达营业厅),马王坪正街2号明鑫园5号商铺,023-89800605,106.542768,29.465840,070604|060305,生活服务;电讯营业厅;中国联通营业厅|购物服务;家电电子卖场;手机销售,重庆市,重庆市,巴南区,,4.3
B0FFK9LLZ5,义乌超市(杨家坪店),杨家坪西郊路19号(杨家坪地铁站2号口步行100米),[],106.513746,29.506591,060400,购物服务;超级市场;超市,重庆市,重庆市,九龙坡区,,4.1
B0L6PS9VID,零食很忙(重庆九龙坡杨家坪西郊路店),西郊路19号(杨家坪地铁站2号口步行120米),4009998082,106.514516,29.506923,061200,购物服务;专卖店;专营店,重庆市,重庆市,九龙坡区,,4.3
B0H6RH8EEW,开锁刻章配钥匙,马王坪正街2号(明鑫苑电信旁),[],106.542899,29.465824,060200|070000,购物服务;便民商店/便利店;便民商店/便利店|生活服务;生活服务场所;生活服务场所,重庆市,重庆市,巴南区,,4.4
B0FFJJ74ZR,正升·百老汇广场,复兴路与高进支路交叉口北80米,13650525658;18716388828,106.514691,29.507787,060101|061000,购物服务;商场;购物中心|购物服务;特色商业街;特色商业街,重庆市,重庆市,九龙坡区,,4.4
B0IDRCRQ1R,蜜果便利店,杨渡村5号附8号,18883908435,106.504716,29.494507,060200,购物服务;便民商店/便利店;便民商店/便利店,重庆市,重庆市,九龙坡区,,4.0
B0J3ZUXSRA,条马批发部(星河港都店),直港大道a1号,[],106.519889,29.509604,060000,购物服务;购物相关场所;购物相关场所,重庆市,重庆市,九龙坡区,,3.8
B0FFHX40Y2,重百(李家沱商场),李家沱林荫村18号,023-62858744;023-62858962,106.541859,29.464520,060101,购物服务;商场;购物中心,重庆市,重庆市,巴南区,,4.6
B00170373E,光彩商场,李家沱正街160号,[],106.542693,29.465067,060102,购物服务;商场;普通商场,重庆市,重庆市,巴南区,,3.7
B0KKVBYS0F,百年商场(李家沱正街店),李家沱正街160号附4号(一城百年广场),[],106.542642,29.465122,060000,购物服务;购物相关场所;购物相关场所,重庆市,重庆市,巴南区,,3.9
B0FFGTHO9E,美人转农超(融汇半岛店),融汇大道207号附2一1号,023-62577223;13637917069;17782009087,106.514270,29.468550,060400,购物服务;超级市场;超市,重庆市,重庆市,巴南区,,3.8
B0KAFCHRRA,机械革命官方体验店(重庆杨家坪京东MALL),杨家坪街道京东MALL二层机械革命门店,18323137144,106.514967,29.507727,060000,购物服务;购物相关场所;购物相关场所,重庆市,重庆市,九龙坡区,,4.2
B0LRSM3X4T,大洋百货(重庆店),杨家坪西郊路3号(杨家坪地铁站2号口步行90米),[],106.514117,29.507270,060102|060101,购物服务;商场;普通商场|购物服务;商场;购物中心,重庆市,重庆市,九龙坡区,,4.3
B0J17CI215,巴南衣聚汇服装批发城(百年商场店),李家沱正街160号,[],106.542573,29.465461,061100,购物服务;服装鞋帽皮具店;服装鞋帽皮具店,重庆市,重庆市,巴南区,,4.2
B0FFHO1VHJ,中国移动(正升·百老汇广场店),西郊路3号京东MALL重庆杨家坪店F1层,[],106.515339,29.507922,060305|070603,购物服务;家电电子卖场;手机销售|生活服务;电讯营业厅;中国移动营业厅,重庆市,重庆市,九龙坡区,,4.3
B0K3H93SE7,名酒收购中心,杨家坪街道桃花溪A座3号(附3号),18723189800,106.510915,29.504479,061210,购物服务;专卖店;烟酒专卖店,重庆市,重庆市,九龙坡区,,3.9
B0HK9534E0,都和商场(李家沱店),李家沱326车站旁,[],106.541275,29.464822,060102,购物服务;商场;普通商场,重庆市,重庆市,巴南区,,3.8
B00178VTM8,苏宁易购李家沱店,得胜村小区,023-88158263,106.542019,29.465003,060304|060306,购物服务;家电电子卖场;苏宁|购物服务;家电电子卖场;数码电子,重庆市,重庆市,巴南区,,4.3
B0JAXAWJUR,LAWSON罗森(杨家坪西郊路店),西郊路3号京东MALL重庆杨家坪店F1层,023-67612970;15223057575,106.514315,29.507200,060200,购物服务;便民商店/便利店;便民商店/便利店,重庆市,重庆市,九龙坡区,,4.1
B0KDJ1KDB6,德国威能地暖(杨家坪京东mall店),西郊路19路5楼,17702342589;18996723603,106.514420,29.507383,060000,购物服务;购物相关场所;购物相关场所,重庆市,重庆市,九龙坡区,,3.3
B0KD6SCJ1G,源氏木语(九龙坡京东MALL店),西郊路3号京东MALL四层,19936615549,106.514171,29.507338,060000,购物服务;购物相关场所;购物相关场所,重庆市,重庆市,九龙坡区,,4.0
B0GKXHFBLM,RELX悦刻专卖店(李家沱店),李家沱街道重百2楼后门,17358363580;18996161011,106.541580,29.465005,061200,购物服务;专卖店;专营店,重庆市,重庆市,巴南区,,4.1
B0FFIUPBVP,格意(李家沱百年广场店),李家沱正街16号一城百年广场,023-68037658,106.542875,29.465375,050800|060000,餐饮服务;糕饼店;糕饼店|购物服务;购物相关场所;购物相关场所,重庆市,重庆市,巴南区,,4.0
B0J2B5LI2S,遇到光眼镜.杨家坪(百老汇店),杨家坪街道杨家坪西郊路3号2单元13-10号,18602316526,106.514756,29.507611,061204,购物服务;专卖店;眼镜店,重庆市,重庆市,九龙坡区,,4.1
B0KAVHEMCK,重庆京东MALL授权体验店,西郊路3号重庆京东MALL一层,[],106.514969,29.507764,060300,购物服务;家电电子卖场;家电电子卖场,重庆市,重庆市,九龙坡区,,4.2
B0K3URIMPV,摩恩(杨家坪京东MALL店),杨家坪西郊路3号京东MALL5层,15802369307,106.514940,29.507872,060604|061100,购物服务;家居建材市场;厨卫市场|购物服务;服装鞋帽皮具店;服装鞋帽皮具店,重庆市,重庆市,九龙坡区,,3.9
B0KDYMVCI2,石头小家电(京东mall九龙坡店),杨家坪京东MALL1楼(服务台对面),13883875371,106.514967,29.507727,060000,购物服务;购物相关场所;购物相关场所,重庆市,重庆市,九龙坡区,,3.7
B00178VKGB,千叶眼镜(南庭花园店),南庭花园,023-62869990,106.543676,29.465577,061204,购物服务;专卖店;眼镜店,重庆市,重庆市,巴南区,,4.2
B0L1PR7QQ2,恒洁卫浴(京东MALL杨家坪店),西郊路3号京东MALL-4楼,[],106.514640,29.507649,060604,购物服务;家居建材市场;厨卫市场,重庆市,重庆市,九龙坡区,,3.7
B0H0D7BANM,小米之家(巴南李家沱重百专区店),重庆市李家沱街道李家沱重百商场1F小米店,15213515930,106.541833,29.464806,060305,购物服务;家电电子卖场;手机销售,重庆市,重庆市,巴南区,,3.8
B0LGCRTS99,COLMO(重庆杨家坪乐尚装饰店),杨家坪街道杨家坪正街7号原国美电器1楼,13980076460,106.517715,29.509329,060600,购物服务;家居建材市场;家居建材市场,重庆市,重庆市,九龙坡区,,3.6
B0L275JNPS,苏宁易购(Suning Elec重庆李家沱马王坪正街店),林荫村18号都和广场,0598-5109291,106.541989,29.464906,060300,购物服务;家电电子卖场;家电电子卖场,重庆市,重庆市,巴南区,,3.7
B0FFGKB5J2,上游三村,杨渡路与武装部支路交叉口东80米,[],106.505342,29.497632,060000,购物服务;购物相关场所;购物相关场所,重庆市,重庆市,九龙坡区,,[]
B0KAVUF1ZL,JMGO坚果投影(杨家坪京东MALL),西郊路3号京东MALL二楼,15223096081,106.514966,29.507784,060000,购物服务;购物相关场所;购物相关场所,重庆市,重庆市,九龙坡区,,3.7
B0KBN1GH32,LAWSON罗森(杨家坪中学店),西郊大厦东南门西南50米(杨家坪地铁站1号口步行220米),[],106.512502,29.506091,060200,购物服务;便民商店/便利店;便民商店/便利店,重庆市,重庆市,九龙坡区,,3.9
B0KUHUH6MR,R&T瑞尔特(杨家坪京东MALL),杨家坪街道杨家坪京东MALL四楼瑞尔特,18580104395,106.514825,29.508125,060604,购物服务;家居建材市场;厨卫市场,重庆市,重庆市,九龙坡区,,4.0
B00178TVR8,立丹时尚街,杨家坪正街25号(杨家坪地铁站2号口步行210米),[],106.515625,29.509157,060102,购物服务;商场;普通商场,重庆市,重庆市,九龙坡区,,4.4
B0L1J78X3S,科大讯飞AI学习机专卖店(九龙坡京东超体店),杨家坪西郊路3号京东MALL二层,18583285128,106.514336,29.507586,060306,购物服务;家电电子卖场;数码电子,重庆市,重庆市,九龙坡区,,3.8
B0FFH4843Q,东南亚菜市场,李家沱街道李渡路重庆明星大药房对面,023-61256194,106.545413,29.466038,060700,购物服务;综合市场;综合市场,重庆市,重庆市,巴南区,,4.2
B0LD9R6GFB,凯伦诗按摩椅(京东MALL九龙坡店),西郊路3号(京东MALL九龙坡店)1楼,13308367533;15923586055,106.514729,29.507742,060000,购物服务;购物相关场所;购物相关场所,重庆市,重庆市,九龙坡区,,3.1
B00170I5CA,凤梧超市(李家沱总店),李家沱南庭花园b栋,023-62863723;18375677315,106.544507,29.465586,060705|060400,购物服务;综合市场;蔬菜市场|购物服务;超级市场;超市,重庆市,重庆市,巴南区,,4.0
B0K2T5W7M5,凯度电器(重庆杨家坪京东Mall旗舰店),西郊路3号京东mall四楼,15123099713;18623138818,106.514691,29.507787,060300,购物服务;家电电子卖场;家电电子卖场,重庆市,重庆市,九龙坡区,,4.0
B0G0FR9Y8V,中国移动(杨家坪步行街营业厅),杨家坪正街25号(杨家坪地铁站5号口步行180米),[],106.515415,29.508885,060305|070603,购物服务;家电电子卖场;手机销售|生活服务;电讯营业厅;中国移动营业厅,重庆市,重庆市,九龙坡区,,4.4
B00178VTYR,以纯(重庆杨家坪京东MALL店),杨家坪西郊路3号1-1(杨家坪地铁站2号口步行150米),[],106.515220,29.508156,061101,购物服务;服装鞋帽皮具店;品牌服装店,重庆市,重庆市,九龙坡区,,4.1
B0017874R0,LOT POP乐派,杨家坪正升百老汇广场a座(杨家坪地铁站2号口步行200米),023-68657241,106.514789,29.508828,060102,购物服务;商场;普通商场,重庆市,重庆市,九龙坡区,,4.5
B0JK7MN346,领达二手电器仓储交易中心,红光大道与红李大道交叉口东北340米,17774995108,106.529359,29.462856,060702,购物服务;综合市场;旧货市场,重庆市,重庆市,巴南区,,4.0
B0L2AU12K0,华硕电脑(杨家坪京东MALL店),西郊路3号京东MALL,13389669080;18680722837,106.514347,29.507733,060306,购物服务;家电电子卖场;数码电子,重庆市,重庆市,九龙坡区,,3.9
B0KR6RVI5R,蓝盒子(杨家坪京东MALL店),正升·百老汇广场(杨家坪地铁站2号口旁),17265195961,106.514255,29.507610,060000,购物服务;购物相关场所;购物相关场所,重庆市,重庆市,九龙坡区,,4.0
B00170I3HA,龙湖重庆西城天街,杨家坪步行街珠江路48号,023-68126001,106.517462,29.510560,060101,购物服务;商场;购物中心,重庆市,重庆市,九龙坡区,,4.7
B0IB9S5Q0E,晴海荟广场,西郊路2号附2号(杨家坪地铁站1号口旁),[],106.513494,29.508062,060102,购物服务;商场;普通商场,重庆市,重庆市,九龙坡区,,4.5
B0K6HSDIWY,名创优品(李家沱商场重百店),李家沱林荫村18号重百李家沱商场F1-19号商铺,18423691090,106.541738,29.464532,060000,购物服务;购物相关场所;购物相关场所,重庆市,重庆市,巴南区,,3.9
B0LUM40WEZ,ROG玩家国度(重庆京东MALL店),正升百老汇广场2楼(杨家坪地铁站2号口旁),18680722837,106.514275,29.507675,060306,购物服务;家电电子卖场;数码电子,重庆市,重庆市,九龙坡区,,3.5
B0FFL7S9HL,半岛.陶乐街,李家沱街道汇南二路39一87号一楼公区面积,15683381140,106.520656,29.464267,061000,购物服务;特色商业街;特色商业街,重庆市,重庆市,巴南区,,4.2
B0FFHJLJSA,客临便利店(保利观塘·泽园店),二塘路79号,13983892107;15310325360,106.559946,29.490743,060200,购物服务;便民商店/便利店;便民商店/便利店,重庆市,重庆市,南岸区,,4.3
B0ID0A3K6J,渝品惠特价小商品(重庆百年商场店),光彩商场东门旁,15923213561,106.542878,29.464900,060701,购物服务;综合市场;小商品市场,重庆市,重庆市,巴南区,,3.7
B0G26DKSB7,乾含大药房,广厦城一期西南3门西100米,[],106.531190,29.490758,090601,医疗保健服务;医药保健销售店;药房,重庆市,重庆市,九龙坡区,,[]
B0G26ULYXP,一心堂(广厦城巢上二期店),广厦城一期西南门西南60米,023-68525002,106.529628,29.491181,090601,医疗保健服务;医药保健销售店;药房,重庆市,重庆市,九龙坡区,,[]
B0JBPM7KF3,万和医药(九龙坡龙江路三店),广厦城6号附59号,023-68519253,106.529523,29.491124,090601,医疗保健服务;医药保健销售店;药房,重庆市,重庆市,九龙坡区,,[]
B0GUZLGV7H,重庆锦康综合门诊部,黄角坪街道锦龙路289号9幢1号,13637898009,106.527750,29.490182,090300,医疗保健服务;诊所;诊所,重庆市,重庆市,九龙坡区,,3.7
B0FFGK8EH8,高克金诊所,广厦城一期6号院西区西南1门旁,[],106.530921,29.491532,090300,医疗保健服务;诊所;诊所,重庆市,重庆市,九龙坡区,,[]
B0J10Z2B6D,重庆含康诊所管理连锁有限公司黄桷坪诊所,广厦城一期6号院西南门旁,[],106.530368,29.491569,090300,医疗保健服务;诊所;诊所,重庆市,重庆市,九龙坡区,,[]
B0LRTDA632,全发大药房(龙江路店),广厦城6号1幢附3号,[],106.529914,29.492376,090601,医疗保健服务;医药保健销售店;药房,重庆市,重庆市,九龙坡区,,[]
B0FFKJOST4,汪氏蜜蜂园,九龙小学东南2门东70米,15023041246,106.530139,29.492544,090602,医疗保健服务;医药保健销售店;医疗保健用品,重庆市,重庆市,九龙坡区,,3.6
B001786TW3,志豪大药房,九龙小学东南2门东南60米,[],106.529907,29.492456,090601,医疗保健服务;医药保健销售店;药房,重庆市,重庆市,九龙坡区,,[]
B0KAKUOYC7,真善美药房(九龙花园店),永盛超市出入口旁,[],106.526726,29.490730,090601,医疗保健服务;医药保健销售店;药房,重庆市,重庆市,九龙坡区,,[]
B0G1PULI6C,康之堂大药房,美食街九龙三村30号附25号,18696650602,106.527411,29.491981,090601,医疗保健服务;医药保健销售店;药房,重庆市,重庆市,九龙坡区,,[]
B0HKY5YQT7,美加净口腔,观江美郡西门旁,[],106.528100,29.492346,090202,医疗保健服务;专科医院;口腔医院,重庆市,重庆市,九龙坡区,,[]
B0KGS7MC1W,袁头修痛,金源利·青国青城北门西80米,[],106.525928,29.490486,090000,医疗保健服务;医疗保健服务场所;医疗保健服务场所,重庆市,重庆市,九龙坡区,,[]
B0FFFE1ITE,健之佳健康药房(广厦城店),广厦城2号附11号,023-68069544;15119415180,106.530324,29.493430,090601,医疗保健服务;医药保健销售店;药房,重庆市,重庆市,九龙坡区,,[]
B0LBLLQ895,康姿百德(九龙民间文化美食街店),高进路与余堡路交叉口西120米,15086721642,106.526875,29.492075,090000,医疗保健服务;医疗保健服务场所;医疗保健服务场所,重庆市,重庆市,九龙坡区,,[]
B00178TWJJ,重庆市第十三人民医院,铁路新村16号(黄桷坪地铁站4号口步行480米),023-61589704;023-61589713,106.537507,29.491203,090100,医疗保健服务;综合医院;综合医院,重庆市,重庆市,九龙坡区,,[]
B0G064LYB8,万和医药连锁(龙江路二店),广厦城一期北区西门西南50米,023-68450067,106.530433,29.493558,090601,医疗保健服务;医药保健销售店;药房,重庆市,重庆市,九龙坡区,,[]
B0LASS1GM0,锦哲医疗器械,九龙民间文化美食街与高进路交叉口西200米,[],106.526533,29.492378,090602,医疗保健服务;医药保健销售店;医疗保健用品,重庆市,重庆市,九龙坡区,,[]
B0FFGUF2TW,重庆市第十三人民医院住院部,黄角坪铁路新村16号黄桷坪街道社区卫生服务中心西,[],106.537417,29.491464,090100,医疗保健服务;综合医院;综合医院,重庆市,重庆市,九龙坡区,,[]
B0KKSXFEZE,红蓝光健康之家,九龙民间文化美食街与高进路交叉口西220米,[],106.526289,29.492229,090602,医疗保健服务;医药保健销售店;医疗保健用品,重庆市,重庆市,九龙坡区,,[]
B0FFF2L6AE,益建余霞诊所,广厦城4号11幢附1号,13399825685;13983724474,106.530982,29.494047,090300,医疗保健服务;诊所;诊所,重庆市,重庆市,九龙坡区,,[]
B0LGT7X9IN,艾康堂健康服务站,高进路与余堡路交叉口西180米,[],106.526325,29.492425,090000,医疗保健服务;医疗保健服务场所;医疗保健服务场所,重庆市,重庆市,九龙坡区,,[]
B0FFIP8USM,张宗科口腔,龙江路10号附35号渝隆观江(广厦城车站对面),15923557657,106.529815,29.494214,090202,医疗保健服务;专科医院;口腔医院,重庆市,重庆市,九龙坡区,,[]
B0LAA7OGHB,奕博中医理疗馆,龙江路与余堡路交叉口北280米,[],106.530048,29.494190,090000,医疗保健服务;医疗保健服务场所;医疗保健服务场所,重庆市,重庆市,九龙坡区,,3.1
B0FFLA9JAZ,重庆市第十三人民医院-行政办公楼,黄桷坪街重庆市第十三人民医院,[],106.537798,29.491465,090100,医疗保健服务;综合医院;综合医院,重庆市,重庆市,九龙坡区,,[]
B0K32Z9WEN,盛峰仁益中医诊所,九龙三村30号附46号,[],106.525604,29.492434,090300,医疗保健服务;诊所;诊所,重庆市,重庆市,九龙坡区,,[]
B0KDRU8KPU,儿童青少年视力健康管理试点基地,龙江路10号2幢附1号,[],106.529753,29.494683,090000,医疗保健服务;医疗保健服务场所;医疗保健服务场所,重庆市,重庆市,九龙坡区,,[]
B0FFKKZD56,重庆明康医院,五龙庙电力二村,18102380392,106.538760,29.484797,090100,医疗保健服务;综合医院;综合医院,重庆市,重庆市,九龙坡区,,[]
B0LRUZCMR6,重庆丁甲视力,龙江路10号附2号,023-68406057,106.529630,29.494658,090000,医疗保健服务;医疗保健服务场所;医疗保健服务场所,重庆市,重庆市,九龙坡区,,[]
B0LKHUQM8L,康恒脾胃调理馆,广厦城附近,[],106.530381,29.495163,090000,医疗保健服务;医疗保健服务场所;医疗保健服务场所,重庆市,重庆市,九龙坡区,,[]
B0LRBHNUCT,杏林春满,九龙三村30号附59号,[],106.524724,29.492967,090000,医疗保健服务;医疗保健服务场所;医疗保健服务场所,重庆市,重庆市,九龙坡区,,4.3
B0L6951XIQ,展筋通阳堂,黄桷坪街道广厦城7号1幢商铺1号,13368388971,106.530122,29.495660,090000,医疗保健服务;医疗保健服务场所;医疗保健服务场所,重庆市,重庆市,九龙坡区,,3.9
B0KAYZZ0VV,王建诊所,电力五村1号附4号(四川美术学院地铁站4号口步行320米),15823065236,106.540720,29.489807,090300,医疗保健服务;诊所;诊所,重庆市,重庆市,九龙坡区,,[]
B0H6RU7WN6,民利药房,黄桷坪铁路新村7号附2号,19946815931,106.538847,29.493102,090601,医疗保健服务;医药保健销售店;药房,重庆市,重庆市,九龙坡区,,[]
B0GUKDCZFX,康恩宠物诊所(黄桷花园店),黄桷坪黄桷花园搬运西村6号楼门面4号,023-68606390;13368170560;17382373040,106.540801,29.490496,090701,医疗保健服务;动物医疗场所;宠物诊所,重庆市,重庆市,九龙坡区,,3.6
B0FFFTADS0,陈勇诊所,保利心语花园东北门北80米,15111917938,106.528546,29.496212,090300,医疗保健服务;诊所;诊所,重庆市,重庆市,九龙坡区,,[]
B00170I5I8,重庆市第十三人民医院(龙吟支路),铁路新村16号(黄桷坪地铁站4号口步行260米),023-61649137;023-61589721;023-61589715,106.539389,29.493319,090100,医疗保健服务;综合医院;综合医院,重庆市,重庆市,九龙坡区,,[]
B0017931XN,九龙坡区黄桷坪重庆市第十三人民医院门诊部,杨九路75号(黄桷坪地铁站4号口步行260米),[],106.539262,29.493333,090100,医疗保健服务;综合医院;综合医院,重庆市,重庆市,九龙坡区,,[]
B0FFH98PJK,重庆第十三人民医院门诊部-急诊科,铁路新村16号重庆第十三人民医院内,023-61589722;023-61589742,106.539275,29.493325,090000,医疗保健服务;医疗保健服务场所;医疗保健服务场所,重庆市,重庆市,九龙坡区,,[]
B0LUYHWOXK,齿禾口腔(黄桷坪店),黄桷坪搬运西村158号附3号,15696969882;18680907881,106.540307,29.492364,090202,医疗保健服务;专科医院;口腔医院,重庆市,重庆市,九龙坡区,,[]
B0FFIS3MJE,康爱宠物诊所,滩子口98号附7号,13594000232;15998966770,106.528227,29.496525,090701,医疗保健服务;动物医疗场所;宠物诊所,重庆市,重庆市,九龙坡区,,4.5
B0KRN9GL1T,田老幺大药房,黄桷坪街道新市场官家林199号2栋负1层9号,023-68476078,106.538539,29.494271,090601,医疗保健服务;医药保健销售店;药房,重庆市,重庆市,九龙坡区,,[]
B0FFLPN7T1,和美安安宠物诊所(黄桷坪正街店),黄桷坪搬运西村1号附4号,18623437037,106.541156,29.490860,090701,医疗保健服务;动物医疗场所;宠物诊所,重庆市,重庆市,九龙坡区,,4.0
B0K0R7KW13,熊仔宠物医院(邮电路店),邮电路8号(四川美术学院地铁站4号口步行250米),18225087806,106.541420,29.489860,090701,医疗保健服务;动物医疗场所;宠物诊所,重庆市,重庆市,九龙坡区,,4.2
B001792EMV,黄桷坪街道邮电支路社区卫生服务站,黄桷花园东北门旁(四川美术学院地铁站4号口步行270米),023-68503280,106.541564,29.491147,090102,医疗保健服务;综合医院;卫生院,重庆市,重庆市,九龙坡区,,[]
B0FFGK8HEC,蔡天权中医诊所,滩子口98号附3号,15922802258,106.527841,29.496901,090300,医疗保健服务;诊所;诊所,重庆市,重庆市,九龙坡区,,3.8
B00170I5J0,万和医药连锁(黄桷坪一店),搬运西村1号附3号(四川美术学院地铁站4号口步行150米),023-68506402;023-68516179,106.542551,29.490698,090601,医疗保健服务;医药保健销售店;药房,重庆市,重庆市,九龙坡区,,[]
B0L1RHBTE4,九龙坡区人民医院发热门诊,九龙坡人民医院新院区内,[],106.519729,29.488101,090000,医疗保健服务;医疗保健服务场所;医疗保健服务场所,重庆市,重庆市,九龙坡区,,[]
B0017986O3,龚胜伦口腔诊所,黄桷坪街3号附8号,023-68509941,106.542532,29.490153,090202,医疗保健服务;专科医院;口腔医院,重庆市,重庆市,九龙坡区,,[]
B0FFIIN138,鑫斛药庄(黄桷坪店),黄桷坪新建路2号附5号,023-67634446;18523556051,106.542467,29.490819,090601,医疗保健服务;医药保健销售店;药房,重庆市,重庆市,九龙坡区,,[]
B00170I4O5,和平药房(黄桷坪店),新建路2号附8号(四川美术学院地铁站4号口步行130米),023-81157240;13617633629,106.542730,29.490544,090601,医疗保健服务;医药保健销售店;药房,重庆市,重庆市,九龙坡区,,[]
B0LUBZFVEM,康远本草健康之家,星河名居西南2门旁(滩子口地铁站2A口步行410米),[],106.527471,29.497262,090602,医疗保健服务;医药保健销售店;医疗保健用品,重庆市,重庆市,九龙坡区,,[]
B0FFGWP1S4,桐君阁大药房(黄桷坪正街店),新建路2号附9号(邮局对面),023-86182826;023-86182879;13220300858,106.542700,29.490571,090601,医疗保健服务;医药保健销售店;药房,重庆市,重庆市,九龙坡区,,[]
B0HKHAB70S,无忧大药房,黄桷坪新建路2栋12号,[],106.542609,29.490487,090601,医疗保健服务;医药保健销售店;药房,重庆市,重庆市,九龙坡区,,[]
B0FFIP5JIW,禹云贵诊所,新建路2号附10号,[],106.542780,29.490451,090300,医疗保健服务;诊所;诊所,重庆市,重庆市,九龙坡区,,[]
B0FFL8GHLQ,海通大药房(田永雄店),新建路3幢28号,023-68687573,106.542983,29.490254,090601,医疗保健服务;医药保健销售店;药房,重庆市,重庆市,九龙坡区,,[]
B0K3X55M6H,重庆御通大药房,新建路3栋28号,023-68687573,106.542983,29.490253,090601,医疗保健服务;医药保健销售店;药房,重庆市,重庆市,九龙坡区,,[]
B0017078S0,王春梅牙科(中共黄桷坪街道工作委员会西北),黄桷坪正街8号附4号,19198517061,106.543434,29.488760,090300,医疗保健服务;诊所;诊所,重庆市,重庆市,九龙坡区,,[]
B0IKTROV8T,赵林平诊所,滩子口106号附17号(滩子口地铁站2A口步行390米),15023629512,106.525195,29.497124,090300,医疗保健服务;诊所;诊所,重庆市,重庆市,九龙坡区,,[]
B001795Z14,黄正街社区卫生服务站,新建路3号附22号(四川美术学院地铁站4号口步行110米),023-61567842;023-68503280,106.543151,29.490180,090102,医疗保健服务;综合医院;卫生院,重庆市,重庆市,九龙坡区,,[]
B0IGGZVE0K,艾希宠物医院,滩子口72号第一层门面附11号,023-65652455;17318209027,106.526357,29.497789,090701,医疗保健服务;动物医疗场所;宠物诊所,重庆市,重庆市,九龙坡区,,4.1
B0J1UH5XB0,重庆市九龙坡区人民医院,九龙街道上游村1号,023-68859080,106.517982,29.489208,090100,医疗保健服务;综合医院;综合医院,重庆市,重庆市,九龙坡区,,[]
B001786S64,健之佳健康药房(滩子口店),滩子口72号第1层门面1号2号,023-67510353;023-68437055,106.526298,29.497872,090601,医疗保健服务;医药保健销售店;药房,重庆市,重庆市,九龙坡区,,[]
B0L21CU9FL,九龙坡区人民医院-住院部(2区3区),上游村1号,[],106.518566,29.489285,090000,医疗保健服务;医疗保健服务场所;医疗保健服务场所,重庆市,重庆市,九龙坡区,,[]
B0L1RHAZIX,九龙坡区人民医院急救部,九龙坡区上游村1号,[],106.518419,29.488421,090100,医疗保健服务;综合医院;综合医院,重庆市,重庆市,九龙坡区,,[]
B0LRYAUN1Q,九龙坡区人民医院-住院部(一区二区),九龙街道上游村1号,023-68962816,106.518112,29.489652,090100,医疗保健服务;综合医院;综合医院,重庆市,重庆市,九龙坡区,,[]
B0FFGCEXSD,鑫斛药庄(滩子口店),重庆市九龙坡区黄桷坪滩子口71号附5号(滩子口地铁站2A口步行250米),023-68085664;17784295342,106.526272,29.498375,090601,医疗保健服务;医药保健销售店;药房,重庆市,重庆市,九龙坡区,,[]
B0L1RHBM0L,九龙坡区人民医院门诊部,九龙坡区上游村1号,[],106.517709,29.488775,090000,医疗保健服务;医疗保健服务场所;医疗保健服务场所,重庆市,重庆市,九龙坡区,,[]
B0FFKSA7TI,万和医药(九龙坡龙江路店),龙江路71号附6号(滩子口地铁站2A口步行250米),023-68439961,106.526254,29.498376,090601,医疗保健服务;医药保健销售店;药房,重庆市,重庆市,九龙坡区,,[]
B0L3RGNM9Q,重庆市九龙坡区人民医院B区住院大楼,筑梦大道与南北大道交叉口南220米,[],106.518084,29.489682,090000,医疗保健服务;医疗保健服务场所;医疗保健服务场所,重庆市,重庆市,九龙坡区,,[]
B0FFFZ1G0J,曹明芳诊所,黃桷坪铁路四村12号附1号,023-61565050,106.544356,29.490457,090300,医疗保健服务;诊所;诊所,重庆市,重庆市,九龙坡区,,[]
B00170BNPL,其林健康中心诊所,滩子口田野小区C3号门面,023-68445049,106.525518,29.498203,090300,医疗保健服务;诊所;诊所,重庆市,重庆市,九龙坡区,,[]
B0IBNUL0QZ,程康理疗,黄桷坪铁路三村11-8号,13996033597;15826082238,106.543351,29.492722,090300,医疗保健服务;诊所;诊所,重庆市,重庆市,九龙坡区,,3.9
B0H3JZ2RAR,乐泰亮甲(滩子口店),龙江路田野小区(滩子口地铁站2A口步行330米),15683440933,106.524943,29.498199,090602,医疗保健服务;医药保健销售店;医疗保健用品,重庆市,重庆市,九龙坡区,,[]
B0H2C5TP7X,王正强诊所,滩子口正街56号附34号,13983431317,106.526454,29.498916,090300,医疗保健服务;诊所;诊所,重庆市,重庆市,九龙坡区,,[]
B0JRK7WAL8,宜南慈中医综合诊所(中医内科 针灸推拿 柔手正骨),重庆市九龙坡区黄桷坪街道滩子口103号2一2,15223470387,106.525349,29.498666,090300,医疗保健服务;诊所;诊所,重庆市,重庆市,九龙坡区,,[]
B0KG75A3RF,龚南春口腔诊所,滩子口103号1-9号(滩子口地铁站2A口步行280米),[],106.525360,29.498466,090300,医疗保健服务;诊所;诊所,重庆市,重庆市,九龙坡区,,[]
B0L1RHBTH0,九龙坡区人民医院健康体检中心,上游村1号,[],106.517197,29.489306,090000,医疗保健服务;医疗保健服务场所;医疗保健服务场所,重庆市,重庆市,九龙坡区,,[]
B0K05SRX1Q,重庆世纪华康综合门诊部,滩子口118号(滩子口地铁站2A口步行430米),023-68966608,106.523556,29.498772,090300,医疗保健服务;诊所;诊所,重庆市,重庆市,九龙坡区,,[]
B0LDYAI3VQ,和平新健康药房(九龙坡店),锦龙路177号,[],106.518025,29.495453,090601,医疗保健服务;医药保健销售店;药房,重庆市,重庆市,九龙坡区,,[]
B0I6ZC5IIE,重庆渝人堂诊所管理连锁有限公司九龙坡区新华诊所,新华七村202号附75号,[],106.519814,29.497737,090300,医疗保健服务;诊所;诊所,重庆市,重庆市,九龙坡区,,[]
B0FFKZ3V5N,药芝林大药房,新华春天东北门旁,[],106.519377,29.498088,090601,医疗保健服务;医药保健销售店;药房,重庆市,重庆市,九龙坡区,,[]
B0FFL1UXP2,鑫垚大药房中药馆,峡谷路467号,[],106.519489,29.474485,090601,医疗保健服务;医药保健销售店;药房,重庆市,重庆市,巴南区,,[]
B0FFMCAHL5,熙恩大药房(融汇江山E区店),融汇半岛江山D西北门西130米,[],106.519077,29.474098,090601,医疗保健服务;医药保健销售店;药房,重庆市,重庆市,巴南区,,[]
B0J32AAQZH,德雅口腔(巴南店),峡谷路440号,13594075242;18725870775,106.519436,29.473609,090202,医疗保健服务;专科医院;口腔医院,重庆市,重庆市,巴南区,,[]
B0FFFZJ3EB,陈琳口腔,新华六村33号附12号,13640569886,106.519641,29.502255,090202,医疗保健服务;专科医院;口腔医院,重庆市,重庆市,九龙坡区,,[]
B00178VSMP,和平药房(上江城店),直港大道48号附7号,023-81836379,106.529778,29.505522,090601,医疗保健服务;医药保健销售店;药房,重庆市,重庆市,九龙坡区,,[]
B0J0YC84WZ,鑫斛大药房(融汇半岛店),融汇大道5号11幢附37号,023-66450964,106.518429,29.473099,090601,医疗保健服务;医药保健销售店;药房,重庆市,重庆市,巴南区,,[]
B0I637YDP4,社区美沙酮维持治疗门诊,马王坪正街与汇美路交叉口东北20米,[],106.526600,29.469733,090300,医疗保健服务;诊所;诊所,重庆市,重庆市,巴南区,,[]
B0FFJHUIDS,柯基缘动物诊所,天宝路118号润安大厦F1层,18680806323,106.528349,29.506762,090701,医疗保健服务;动物医疗场所;宠物诊所,重庆市,重庆市,九龙坡区,,4.0
B0K35M81GA,中仁拾二堂筋骨养护(珠江花园店),直港大道28号附24号,18223084008,106.527116,29.506856,090000,医疗保健服务;医疗保健服务场所;医疗保健服务场所,重庆市,重庆市,九龙坡区,,[]
B001797JZF,和田口腔,直港大道42号附7号,023-68121618,106.527424,29.507042,090202,医疗保健服务;专科医院;口腔医院,重庆市,重庆市,九龙坡区,,[]
B0FFG9MQF6,龙建辉诊所,直港大道28号附35号,023-68453966;17784755324,106.526731,29.506730,090300,医疗保健服务;诊所;诊所,重庆市,重庆市,九龙坡区,,[]
B001786RJM,重庆渝西医院,铁马小学后,023-68062217;023-68409346;023-68411120,106.516539,29.503486,090100,医疗保健服务;综合医院;综合医院,重庆市,重庆市,九龙坡区,,[]
B0FFHMVJ2K,杨家坪街道天宝路社区卫生服务站,直港大道30号附5号,023-68442569;023-68668631,106.527242,29.507302,090102,医疗保健服务;综合医院;卫生院,重庆市,重庆市,九龙坡区,,[]
B00170I3JD,济生仙果药房,直港大道28号附11号,13629726609,106.526979,29.507341,090601,医疗保健服务;医药保健销售店;药房,重庆市,重庆市,九龙坡区,,[]
B0KRC9DTSC,泽泰口腔(九龙坡印象汇店),杨家坪街道西郊三村2号第02-18-20号商铺,023-68188860;19112966609,106.512358,29.499722,090202,医疗保健服务;专科医院;口腔医院,重庆市,重庆市,九龙坡区,,[]
B0FFG83F0V,重庆渝西医院住院部,重庆渝西医院,[],106.516123,29.503583,090100,医疗保健服务;综合医院;综合医院,重庆市,重庆市,九龙坡区,,[]
B0L29ZRWAJ,金源康宠物,杨家坪街道直港大道95号,[],106.529261,29.507940,090701,医疗保健服务;动物医疗场所;宠物诊所,重庆市,重庆市,九龙坡区,,4.2
B0FFLIQUDR,大白牙口腔(融汇店),融汇大道301号,023-62869878;023-66240318,106.513108,29.474099,090202,医疗保健服务;专科医院;口腔医院,重庆市,重庆市,巴南区,,[]
B0FFFR54H9,重庆珠江医院,杨家坪直港大道63号、65号(近天宝路),023-68442569,106.528313,29.508160,090100,医疗保健服务;综合医院;综合医院,重庆市,重庆市,九龙坡区,,[]
B0FFLBRUR2,巴南古理中医综合诊所,融汇大道307号,13436119392,106.513065,29.474521,090300,医疗保健服务;诊所;诊所,重庆市,重庆市,巴南区,,[]
B001797G2V,真善美药房(九龙坡区直港大道店),直港大道26号附38号,023-62809399;023-68198491;17623611986,106.526657,29.508000,090601,医疗保健服务;医药保健销售店;药房,重庆市,重庆市,九龙坡区,,[]
B0G13R37LD,泉源堂(直港大道店),直港大道53号,023-68663303;15310315830,106.528135,29.508194,090601,医疗保健服务;医药保健销售店;药房,重庆市,重庆市,九龙坡区,,[]
B0K0MUMD3B,愈康康复中心(九龙坡印象汇店),杨家坪西郊三村2号重庆九龙坡印象汇,15310551628,106.512287,29.500436,090000,医疗保健服务;医疗保健服务场所;医疗保健服务场所,重庆市,重庆市,九龙坡区,,[]
B0J6S73SAE,康敏诊所西郊三村店,西郊三村1号附19号(动物园地铁站2号口步行470米),[],106.513456,29.501233,090300,医疗保健服务;诊所;诊所,重庆市,重庆市,九龙坡区,,[]
B00170I24T,和平药房(西郊店),杨家坪西郊路广厦经典21-8号,[],106.511826,29.499414,090601,医疗保健服务;医药保健销售店;药房,重庆市,重庆市,九龙坡区,,[]
B0FFKPFVA8,善仁堂国医馆(西流沱店),汇北路239号附6号1-1-6,13320286555,106.511533,29.476066,090300,医疗保健服务;诊所;诊所,重庆市,重庆市,巴南区,,[]
B00178VR3V,桐君阁大药房(九龙坡区三十九店),直港大道26号附35号,023-86196813;13627690523,106.526331,29.508103,090601,医疗保健服务;医药保健销售店;药房,重庆市,重庆市,九龙坡区,,[]
B001786S0W,和平药房(珠江花园店),杨家坪直港大道珠江花园1栋B3第1层39号,023-81836380,106.527367,29.508297,090601,医疗保健服务;医药保健销售店;药房,重庆市,重庆市,九龙坡区,,[]
B0FFFRRHAG,蔡氏专业理疗坊,西郊三村1号4幢附4号(动物园地铁站2号口步行420米),15023077957,106.512962,29.501228,090000,医疗保健服务;医疗保健服务场所;医疗保健服务场所,重庆市,重庆市,九龙坡区,,3.8
B0JKMH6ZJD,牙舵手·康悦美口腔(融汇店),融汇大道287号1层,023-62579766,106.513496,29.473093,090202,医疗保健服务;专科医院;口腔医院,重庆市,重庆市,巴南区,,[]
B0FFFRZDB5,唐氏药房(直港大道店),直港大道31号附1-2号,023-68621249,106.527317,29.508351,090601,医疗保健服务;医药保健销售店;药房,重庆市,重庆市,九龙坡区,,[]
B0FFHGUOVA,万和医药(九龙广场店),西郊路西郊三村2号印象汇(九龙坡店)F2层,023-68412028;023-68780249;13752838489,106.512005,29.500290,090601,医疗保健服务;医药保健销售店;药房,重庆市,重庆市,九龙坡区,,[]
B0JDGSRJ2F,鑫斛大药房(江上公馆店),融汇大道293号,023-62334840,106.513075,29.474125,090601,医疗保健服务;医药保健销售店;药房,重庆市,重庆市,巴南区,,[]
B0HU5AOG3S,重庆市巴南区李家沱街道社区卫生服务中心,李家沱马王坪正街101号,023-62850052,106.530462,29.466266,090102,医疗保健服务;综合医院;卫生院,重庆市,重庆市,巴南区,,[]
B0LBT6300X,笑心堂大药房,广厦经典西北门旁(动物园地铁站2号口步行170米),13797697952,106.511018,29.499276,090601,医疗保健服务;医药保健销售店;药房,重庆市,重庆市,九龙坡区,,[]
B0KB35VI2C,渝一口腔,谢家湾直港大道17号,023-68855566,106.525859,29.508676,090202,医疗保健服务;专科医院;口腔医院,重庆市,重庆市,九龙坡区,,[]
B001786SBD,你好针灸推拿,杨家坪直港大道26号附21号,13983701319,106.525729,29.508216,090000,医疗保健服务;医疗保健服务场所;医疗保健服务场所,重庆市,重庆市,九龙坡区,,3.9
B0FFGTPZW3,郑远元专业修脚房(直港大道店),直港大道17号附8号,17772999072,106.526499,29.508391,090000,医疗保健服务;医疗保健服务场所;医疗保健服务场所,重庆市,重庆市,九龙坡区,,4.3
B0FFGT1LH4,鑫斛药庄(珠江花园店),直港大道23号,023-68433103;17830560916,106.526975,29.508399,090601,医疗保健服务;医药保健销售店;药房,重庆市,重庆市,九龙坡区,,[]
B0FFFE9A9W,代医生诊所,李家沱马王坪新村1-2,15823360348,106.536361,29.467121,090300,医疗保健服务;诊所;诊所,重庆市,重庆市,巴南区,,[]
B0GU9XV0A3,康邻大药房(融汇江上店),融汇大道432-436,18166384247,106.516225,29.471025,090601,医疗保健服务;医药保健销售店;药房,重庆市,重庆市,巴南区,,[]
B0HA978P5V,王蒙口腔,马王坪正街22号庆丰花园702幢一层,023-86539138,106.536258,29.466741,090202,医疗保健服务;专科医院;口腔医院,重庆市,重庆市,巴南区,,[]
B0GRR5L8EZ,郑如刚中医诊所,杨家坪直港大道18号附67号,[],106.521852,29.507374,090300,医疗保健服务;诊所;诊所,重庆市,重庆市,九龙坡区,,[]
B001799H0Z,高新区人民医院(下石桥门诊部),西郊三村1号公务员小区3栋,023-68780722,106.512354,29.501331,090300,医疗保健服务;诊所;诊所,重庆市,重庆市,九龙坡区,,[]
B00170I3IS,但唐轩口腔,直港大道26号天鹅山庄2栋2楼,023-68439323;13340246060,106.525271,29.508318,090202,医疗保健服务;专科医院;口腔医院,重庆市,重庆市,九龙坡区,,[]
B0JK9UAWNT,惠耳听力助听器(重庆马王坪店),马王坪正街91-9号,023-62595366;18996285895,106.533589,29.465904,090602,医疗保健服务;医药保健销售店;医疗保健用品,重庆市,重庆市,巴南区,,[]
B0J3MZ4FHO,上寿颐年居家养老服务站,直港大道18号附38号,023-68607879;15320370790,106.523361,29.507991,090602,医疗保健服务;医药保健销售店;医疗保健用品,重庆市,重庆市,九龙坡区,,4.2
B0L6KR8PO9,蜗艾蜗家艾公馆,李家沱街道峡谷路243号附18号,13350350771,106.515742,29.471102,090000,医疗保健服务;医疗保健服务场所;医疗保健服务场所,重庆市,重庆市,巴南区,,3.7
B0FFKTYNU2,重庆荣美医疗美容医院,南滨西路33号附25号,18623067786,106.556254,29.491819,090201,医疗保健服务;专科医院;整形美容,重庆市,重庆市,南岸区,,[]
B0FFHKKZR7,郑远元专业修脚房(马王坪店),马王坪正街22号1-14,15229552215,106.536654,29.466748,090000,医疗保健服务;医疗保健服务场所;医疗保健服务场所,重庆市,重庆市,巴南区,,4.0
B0FFJ85YMT,自然之声助听器(岳阳妇幼店),马王坪正街30号1-8(典雅大厦社区食堂旁),17783398700,106.534836,29.466091,090602,医疗保健服务;医药保健销售店;医疗保健用品,重庆市,重庆市,巴南区,,[]
B0LBMM016Z,自然之声助听器(马王坪店),马王坪正街30号(典雅大厦楼下社区食堂旁边),17783398700,106.534779,29.466131,090602,医疗保健服务;医药保健销售店;医疗保健用品,重庆市,重庆市,巴南区,,[]
B0HUBADTXS,满足里修脚连锁(重庆融汇半岛店),李家沱街道汇宾一路253号,18375892582,106.512171,29.473740,090000,医疗保健服务;医疗保健服务场所;医疗保健服务场所,重庆市,重庆市,巴南区,,4.1
B0FFJOBVOK,鑫斛大药房(桥南村店),马王坪正街101号附9号-10号,023-67515368,106.530740,29.466171,090601,医疗保健服务;医药保健销售店;药房,重庆市,重庆市,巴南区,,[]
B0L6P4683T,品尚口腔(马王坪店),茂苑B区北门东50米,16623928246,106.537927,29.466567,090202,医疗保健服务;专科医院;口腔医院,重庆市,重庆市,巴南区,,[]
B0L1FR00QX,长生源科技理疗中心,直港大道18号附35号,18083012532,106.523469,29.508150,090000,医疗保健服务;医疗保健服务场所;医疗保健服务场所,重庆市,重庆市,九龙坡区,,3.7
B0K3A1G32P,芸禾堂中医诊所,马王坪正街与马王坪后街交叉口西北60米,13696438866,106.538065,29.466906,090300,医疗保健服务;诊所;诊所,重庆市,重庆市,巴南区,,[]
B0KGHH327H,万和医药连锁(马王坪店),马王坪正街27号1楼2号附1号,023-62588044,106.536016,29.466198,090601,医疗保健服务;医药保健销售店;药房,重庆市,重庆市,巴南区,,[]
B0LUD7CV9U,杨家坪街道社区卫生服务中心西郊三村社区卫生服务站,西郊路29号附9号,[],106.511928,29.501386,090000,医疗保健服务;医疗保健服务场所;医疗保健服务场所,重庆市,重庆市,九龙坡区,,[]
B0FFIIUWB6,龙凤药房(融汇店),融汇半岛江上公馆B区东南门旁,023-66230594,106.512133,29.473731,090601,医疗保健服务;医药保健销售店;药房,重庆市,重庆市,巴南区,,[]
B0IUDDH8CT,王小梅经络养生馆,茂苑B区北门旁,[],106.537421,29.466489,090000,医疗保健服务;医疗保健服务场所;医疗保健服务场所,重庆市,重庆市,巴南区,,3.5
B0I6JR33RZ,饿了么全能超市-和平药房(汇宾一路店),汇宾一路241号,023-66283501,106.511755,29.473657,090601,医疗保健服务;医药保健销售店;药房,重庆市,重庆市,巴南区,,[]
B0H09DL64F,美万佳大药房,李家沱街道汇宾一路259号,[],106.512087,29.473742,090601,医疗保健服务;医药保健销售店;药房,重庆市,重庆市,巴南区,,[]
B0L6PDCVRA,奥德声助听器,马王坪正街28号-1,17783398700,106.534783,29.466127,090602,医疗保健服务;医药保健销售店;医疗保健用品,重庆市,重庆市,巴南区,,[]
B00170I4QD,全兴药品(李家沱二分店),典雅苑北门旁,023-62403795,106.535678,29.466049,090601,医疗保健服务;医药保健销售店;药房,重庆市,重庆市,巴南区,,[]
B0I3GSHQY6,一丸堂肤康馆(杨家坪直港大道店),直港大道君安楼15号附3号,15730280489,106.524654,29.508712,090602,医疗保健服务;医药保健销售店;医疗保健用品,重庆市,重庆市,九龙坡区,,[]
B0FFJL6MY5,三角保健洗浴广场,三角碑九亩地浩泰大厦,[],106.532265,29.465851,090000,医疗保健服务;医疗保健服务场所;医疗保健服务场所,重庆市,重庆市,巴南区,,4.0
B0FFHX5904,瑞派24h名望志远动物医院(直港大道分院),直港大道18号1栋1-12号,023-68420537,106.523081,29.508795,090701,医疗保健服务;动物医疗场所;宠物诊所,重庆市,重庆市,九龙坡区,,4.4
B0FFFYK7AF,鑫斛药庄(茂苑店),茂苑B区北门旁,[],106.537606,29.466562,090601,医疗保健服务;医药保健销售店;药房,重庆市,重庆市,巴南区,,[]
B00170AB9N,秦牙科,典雅苑北门旁,15923900008,106.536004,29.466180,090202,医疗保健服务;专科医院;口腔医院,重庆市,重庆市,巴南区,,[]
B0H33GPX29,和平药房融汇大道店,融汇大道融汇半岛十一期261号,023-62579674,106.513667,29.471750,090601,医疗保健服务;医药保健销售店;药房,重庆市,重庆市,巴南区,,[]
B0FFH28QOD,善仁堂大药房(马王坪正街店),水轮村8号附4号,023-66282086;13320286555,106.535328,29.465877,090601,医疗保健服务;医药保健销售店;药房,重庆市,重庆市,巴南区,,[]
B001791TF1,万鑫药房(天富店),马王坪后街枯井湾3号附10号,19922862802,106.538225,29.466376,090601,医疗保健服务;医药保健销售店;药房,重庆市,重庆市,巴南区,,[]
B0J1AZ2PHJ,重庆医药集团和平药房汇宾一路店,汇宾一路241号,023-66283501,106.511765,29.473589,090601,医疗保健服务;医药保健销售店;药房,重庆市,重庆市,巴南区,,[]
B001792IXJ,黄金甲灰指甲手足癣,李家沱马王坪正街23号一幢商21号,15923526740,106.536969,29.466193,090000,医疗保健服务;医疗保健服务场所;医疗保健服务场所,重庆市,重庆市,巴南区,,[]
B0LD1PDSMR,艾昇堂,南北大道辅路与直港大道交叉口西南20米,[],106.523275,29.508625,090000,医疗保健服务;医疗保健服务场所;医疗保健服务场所,重庆市,重庆市,九龙坡区,,[]
B0FFJUFXRW,琳港养生保健按摩店,直港大道18号附29号,13752843658,106.523241,29.508617,090602,医疗保健服务;医药保健销售店;医疗保健用品,重庆市,重庆市,九龙坡区,,[]
B0017931OH,翟素春诊所,马王坪正街85号附6号,[],106.534105,29.465723,090300,医疗保健服务;诊所;诊所,重庆市,重庆市,巴南区,,[]
B0J67UPREE,胡永兰口腔诊所,杨家坪街道上游三村8号附14号,023-89899958,106.509299,29.499468,090202,医疗保健服务;专科医院;口腔医院,重庆市,重庆市,九龙坡区,,[]
B0I2CRDFQR,苏渝养生馆,融汇半岛·拾光公馆,[],106.515017,29.470138,090000,医疗保健服务;医疗保健服务场所;医疗保健服务场所,重庆市,重庆市,巴南区,,3.8
B0G3SSWUN9,针艾康中医馆,南滨西路35号附9号3-28,023-62955666,106.556894,29.490625,090300,医疗保健服务;诊所;诊所,重庆市,重庆市,南岸区,,[]
B0017943ZB,梁玉诊所,马王坪正街17号附22号,023-62866678,106.538361,29.466311,090300,医疗保健服务;诊所;诊所,重庆市,重庆市,巴南区,,[]
B0HRUDGR0D,重庆玺雅医疗美容,南滨西路35号附93-31,[],106.556985,29.490842,090201,医疗保健服务;专科医院;整形美容,重庆市,重庆市,南岸区,,3.4
B0LGBA0XI4,悦耳欣可视采耳李家沱旗舰店,李家沱马王坪正街17号悦耳欣可视采耳李家沱旗舰店,[],106.538779,29.466270,090000,医疗保健服务;医疗保健服务场所;医疗保健服务场所,重庆市,重庆市,巴南区,,4.0
B0GKVS433I,重庆市第七人民医院-眼耳鼻喉口腔分院,李石路与马王坪正街交叉口东南20米,023-62850631,106.540024,29.465822,090100,医疗保健服务;综合医院;综合医院,重庆市,重庆市,巴南区,,[]
B0G0FRBMMJ,布尔动物医院,汇滨一路240号,13996728586,106.511231,29.473103,090701,医疗保健服务;动物医疗场所;宠物诊所,重庆市,重庆市,巴南区,,4.4
B00170I3M8,和平药房(直港二店),直港大道13号附7号,023-68402687;023-68407297,106.523109,29.509067,090601,医疗保健服务;医药保健销售店;药房,重庆市,重庆市,九龙坡区,,[]
B0017931OK,高怀远诊所,马王坪正街17号立丹大厦F1层,[],106.538310,29.466102,090300,医疗保健服务;诊所;诊所,重庆市,重庆市,巴南区,,[]
B0JDPULMJL,牙舵手·康悦美口腔,李家沱街道马王坪正街12号2-201铺,[],106.540728,29.466286,090202,医疗保健服务;专科医院;口腔医院,重庆市,重庆市,巴南区,,[]
B0FFKAQJ81,鑫斛大药房(动物园轻轨站店),动物园轻轨站轻轨综合楼上游三村8号附7号,023-68036295,106.509125,29.499556,090601,医疗保健服务;医药保健销售店;药房,重庆市,重庆市,九龙坡区,,[]
B0FFG7JE0M,张杰儿科诊所,马王坪后街典雅苑,[],106.536621,29.465551,090300,医疗保健服务;诊所;诊所,重庆市,重庆市,巴南区,,[]
B0FFIGP7IE,一心堂大健康药店(杨家坪店),杨家坪直港大道天宝新城商住楼A栋3-1-1号,023-68171949;023-68527970;13102354073,106.521438,29.508871,090601,医疗保健服务;医药保健销售店;药房,重庆市,重庆市,九龙坡区,,[]
B0FFHD9QOZ,桔色成人(旗舰店),直港大道13号附9号,18680805530,106.523082,29.509049,090602,医疗保健服务;医药保健销售店;医疗保健用品,重庆市,重庆市,九龙坡区,,[]
B0KK3ZWV0U,猫幂古方头疗馆,李家沱街道融汇大道398号附13号,13022343537;13658398121,106.514463,29.470352,090000,医疗保健服务;医疗保健服务场所;医疗保健服务场所,重庆市,重庆市,巴南区,,[]
B0FFLEZPJZ,同一同济动物医院(杨家坪店),上游三村8号附1号(动物园地铁站2号口步行120米),023-68636778,106.508590,29.499389,090701,医疗保健服务;动物医疗场所;宠物诊所,重庆市,重庆市,九龙坡区,,4.4
B0017029E1,韩安俊诊所,直港大道12号附4号,13110258035,106.521537,29.508846,090300,医疗保健服务;诊所;诊所,重庆市,重庆市,九龙坡区,,[]
B0KRPLLQOJ,东郊诊所,西郊路与杨渡支路交叉口西南100米,13628351288,106.508644,29.499319,090300,医疗保健服务;诊所;诊所,重庆市,重庆市,九龙坡区,,[]
B0FFIUW216,李俊峰中西医诊所,融汇半岛艾德公馆东门东北50米,15320534118,106.513871,29.470454,090300,医疗保健服务;诊所;诊所,重庆市,重庆市,巴南区,,[]
B0KRGUKAM0,德元升中医馆(九城时光店),直港大道9号,17384745995,106.527384,29.510888,090300,医疗保健服务;诊所;诊所,重庆市,重庆市,九龙坡区,,[]
B001786TKS,万鑫药房(李家沱聚鑫堂药店),李家沱街道马王坪后街枯井湾3号附10号,19922862802,106.539052,29.465615,090601,医疗保健服务;医药保健销售店;药房,重庆市,重庆市,巴南区,,[]
B0K0ZSZ36J,巴南佰仁巴滨路眼科诊所,马王坪正街与林萌路交叉口西北40米,17725009597,106.540749,29.466294,090300,医疗保健服务;诊所;诊所,重庆市,重庆市,巴南区,,[]
B0JK6M3AUB,博音助听器重庆李家沱直营中心,马王坪正街12号东南亚商厦二楼,17382335051,106.540764,29.465726,090602,医疗保健服务;医药保健销售店;医疗保健用品,重庆市,重庆市,巴南区,,[]
B0J1MUULTR,直港大道二店诊所,直港大道11号,[],106.522078,29.509269,090300,医疗保健服务;诊所;诊所,重庆市,重庆市,九龙坡区,,[]
B0LGFM8RO3,佰仁视康眼科诊所(巴南店),马王坪正街5-13号(李家沱西公交站后面),17725009597,106.540738,29.466178,090000,医疗保健服务;医疗保健服务场所;医疗保健服务场所,重庆市,重庆市,巴南区,,[]
B0FFHG0YSS,鑫斛大药房(直港大道店),杨家坪直港大道10-2,023-68046587;13114090998,106.520860,29.509003,090601,医疗保健服务;医药保健销售店;药房,重庆市,重庆市,九龙坡区,,[]
B0I6178798,厚爱牙科厚爱口腔医院杨家坪分院,西郊路24巷27号,18983749506,106.513213,29.505209,090202,医疗保健服务;专科医院;口腔医院,重庆市,重庆市,九龙坡区,,[]
B0HRP55LC7,智声助听器(重庆旗舰店),杨家坪街道西郊路50号附2号,023-68960952;18008323840,106.511999,29.503968,090602,医疗保健服务;医药保健销售店;医疗保健用品,重庆市,重庆市,九龙坡区,,[]
B0I3Y7KQH2,家和养生汇,李家沱街道融汇大道博文二路109号,18523075678,106.512380,29.471224,090000,医疗保健服务;医疗保健服务场所;医疗保健服务场所,重庆市,重庆市,巴南区,,[]
B00178XBQW,桐君阁大药房(动物园轻轨站店),西郊路30号附14号(动物园地铁站1号口步行80米),023-86139856;13883109175,106.508432,29.500066,090601,医疗保健服务;医药保健销售店;药房,重庆市,重庆市,九龙坡区,,[]
B0JASK61D7,乐泰亮甲(融汇半岛店),融汇大道350号,17323964449,106.515239,29.469091,090602,医疗保健服务;医药保健销售店;医疗保健用品,重庆市,重庆市,巴南区,,[]
B001709XUV,重庆理工大学附属中心医院,重庆市巴南区李家沱工联一村1号(巴南大道重庆市第七人民医院西),023-62850631;023-62861120,106.547954,29.468136,090100,医疗保健服务;综合医院;综合医院,重庆市,重庆市,巴南区,,4.3
B0KA61BYN0,重庆市第七人民医院门诊部,群乐路与尚美大道交叉口北220米,15922515681,106.546944,29.467582,090100,医疗保健服务;综合医院;综合医院,重庆市,重庆市,巴南区,,[]
B0HD7HOMCP,诚心大药房(汇龙路店),中航万科金域学府1期东门南100米,15123888859,106.557749,29.491364,090601,医疗保健服务;医药保健销售店;药房,重庆市,重庆市,南岸区,,[]
B0H2VUV9EH,重庆金保林大药房有限公司,杨家坪街道西郊路59号附21号,18983457246,106.506661,29.497846,090601,医疗保健服务;医药保健销售店;药房,重庆市,重庆市,九龙坡区,,[]
B0GRN46WSP,万鑫药房(巴滨路店),李渡路121-123号(东邦小悦湾),19922259594,106.546281,29.468210,090601,医疗保健服务;医药保健销售店;药房,重庆市,重庆市,巴南区,,[]
B0JRJBAUVI,万和医药连锁(马王坪正街店),都和广场北门西50米,023-62332584;023-62588044;18580143328,106.540692,29.465686,090601,医疗保健服务;医药保健销售店;药房,重庆市,重庆市,巴南区,,[]
B001786TOE,桐君阁大药房(融汇大道店),融汇大道4511号,13436177717,106.513823,29.469543,090601,医疗保健服务;医药保健销售店;药房,重庆市,重庆市,巴南区,,[]
B001793F18,重庆电力高等专科学校-教学楼,黄桷坪街道五龙庙电力四村9号重庆电力高等专科学校(西区),[],106.532830,29.486374,141201,科教文化服务;学校;高等院校,重庆市,重庆市,九龙坡区,,[]
B00170334B,重庆电力高等专科学校(西区),黄桷坪街道五龙庙电力四村9号,023-68501490,106.533443,29.486396,141201,科教文化服务;学校;高等院校,重庆市,重庆市,九龙坡区,,4.2
B0FFI7WAW2,重庆电力高等专科学校,黄桷坪街道五龙庙电力四村9号,023-68501490,106.533452,29.486398,141201|141206,科教文化服务;学校;高等院校|科教文化服务;学校;职业技术学校,重庆市,重庆市,九龙坡区,,[]
B0FFK7VKOU,重庆电力高等专科学校A区,黄桷坪街道五龙庙电力四村9号重庆电力高等专科学校(西区),[],106.534025,29.486025,141201,科教文化服务;学校;高等院校,重庆市,重庆市,九龙坡区,,3.6
B0FFL90DZO,重庆电力高等专科学校(东区),黄桷坪街道电力五村50号,[],106.538135,29.488733,141201,科教文化服务;学校;高等院校,重庆市,重庆市,九龙坡区,,4.9
B00170I5JU,重庆电力职工大学-重庆电力技师学院,邮电路与杨九路新建路交叉口西南340米,[],106.539299,29.488920,141201,科教文化服务;学校;高等院校,重庆市,重庆市,九龙坡区,,[]
B001708C9C,重庆电力高等专科学校普通高职教育教学部,黄桷坪街道电力五村50号重庆电力高等专科学校(东区),[],106.539575,29.488825,141201,科教文化服务;学校;高等院校,重庆市,重庆市,九龙坡区,,[]
B001786TUE,四川美术学院(黄桷坪校区),黄桷坪正街108号(四川美术学院地铁站4号口步行260米),023-86180888;023-86181033,106.541138,29.487559,141201,科教文化服务;学校;高等院校,重庆市,重庆市,九龙坡区,,[]
B0LRO6VGJI,四川美术学院(黄桷坪校区)-窗口,邮电路与新建路交叉口西南360米,[],106.540425,29.487775,141201,科教文化服务;学校;高等院校,重庆市,重庆市,九龙坡区,,3.3
B0LR2C590K,四川美术学院黄桷坪校区-公共艺术学院,新建路与邮电路交叉口西南340米,[],106.541275,29.487625,141201,科教文化服务;学校;高等院校,重庆市,重庆市,九龙坡区,,[]
B001796D1G,四川美术学院黄桷坪校区-商业美术系,黄桷坪正街108号四川美术学院(黄桷坪校区),[],106.541600,29.486859,141201,科教文化服务;学校;高等院校,重庆市,重庆市,九龙坡区,,[]
B001793EQ2,四川美术学院(黄桷坪校区)-应用美术学院,黄桷坪正街108号四川美术学院(黄桷坪校区),[],106.542587,29.487743,141201,科教文化服务;学校;高等院校,重庆市,重庆市,九龙坡区,,[]
B0L2OHV1ZI,原工学院,兴胜路与花半里路交叉口东100米,[],106.512575,29.512875,141201,科教文化服务;学校;高等院校,重庆市,重庆市,九龙坡区,,2.8
B00178VTC9,重庆市九龙坡区社会主义学院,冶金二村特1号,[],106.505748,29.511907,141201,科教文化服务;学校;高等院校,重庆市,重庆市,九龙坡区,,[]
